mah_id,education_score,health_score,green_score,quiet_score,safety_score,heat_comfort,transport_score,walkability_score,social_score,nightlight_score,population_balance,daily_needs_score,coastal_proximity,affordability_score,built_growth_score
akseki_aksahap,16.28,29.44,70.94,82.35,94.63,93.53,24.78,8.99,8.33,5.15,20.34,19.96,7.24,10.86,19.08
akseki_alacesme,16.28,29.44,59.87,82.35,89.91,72.92,24.78,11.18,3.78,27.52,9.32,19.96,7.24,26.26,33.88
akseki_asagiasiklar,16.28,29.44,74.23,82.35,64.04,83.44,24.78,4.82,3.78,9.98,13.27,19.96,14.69,13.16,34.43
akseki_bademli,16.28,29.44,49.56,60.64,61.95,94.96,24.78,4.5,45.61,14.04,68.8,49.51,7.24,19.85,9.1
akseki_belenalan,16.28,29.44,52.52,82.35,76.32,83.33,24.78,12.39,13.38,23.14,5.7,19.96,7.24,24.01,36.07
akseki_bucakalan,16.28,29.44,51.21,82.35,58.22,76.21,24.78,23.46,3.78,31.03,14.14,19.96,7.24,35.2,25.55
akseki_bucakkisla,16.28,29.44,65.02,82.35,67.43,87.28,24.78,12.72,46.27,19.19,8.22,19.96,7.24,11.73,1.43
akseki_buyukalan,16.28,29.44,70.5,56.36,58.33,61.07,24.78,54.28,56.25,37.61,98.46,49.51,7.24,46.05,41.12
akseki_ceceler,16.28,29.44,69.52,82.35,67.76,95.29,24.78,4.28,8.77,14.36,25.82,19.96,7.24,17.76,40.57
akseki_cemerler,16.28,29.44,51.54,82.35,56.8,55.92,24.78,30.15,12.83,19.41,20.94,19.96,14.58,23.03,43.31
akseki_cendeve,16.28,29.44,68.53,82.35,75.33,80.15,24.78,14.47,3.78,6.14,16.89,19.96,7.24,1.1,5.59
akseki_cevizli,57.46,66.67,96.38,61.62,64.25,90.57,56.3,47.59,55.48,32.57,99.89,64.47,7.24,44.3,47.15
akseki_demirciler,91.83,81.09,19.96,21.38,38.16,51.97,61.95,87.39,77.41,79.71,79.06,77.63,7.24,80.7,73.14
akseki_degirmenlik,16.28,29.44,67.76,82.35,69.08,99.56,24.78,5.26,20.72,10.96,56.3,19.96,7.24,33.55,39.58
akseki_dutluca,36.57,29.44,29.61,82.35,54.28,69.96,24.78,29.71,3.78,49.67,19.96,42.54,7.24,22.26,13.38
akseki_dikmen,16.28,29.44,61.07,82.35,70.18,95.18,24.78,2.19,9.87,5.26,11.95,19.96,7.24,9.87,29.93
akseki_emirasiklar,16.28,29.44,75.77,82.35,59.98,56.14,24.78,24.56,41.34,10.75,10.75,19.96,7.24,27.3,24.12
akseki_erenyaka,16.28,29.44,68.64,82.35,85.64,86.29,24.78,2.74,3.78,15.02,21.66,19.96,15.68,25.6,34.54
akseki_fakilar,77.8,75.66,42.65,82.35,70.72,41.89,57.13,80.7,56.8,71.93,38.76,58.28,7.24,75.6,71.27
akseki_geris,16.28,29.44,87.17,82.35,99.23,95.07,24.78,28.73,26.21,1.54,22.7,19.96,7.24,36.29,19.41
akseki_gumusdamla,16.28,29.44,39.25,82.35,78.62,97.26,24.78,2.63,3.78,0.11,52.19,19.96,7.24,23.9,36.4
akseki_guneykaya,16.28,29.44,65.35,82.35,82.13,83.99,24.78,5.04,3.78,8.88,56.47,19.96,16.34,2.96,5.15
akseki_gunyaka,16.28,29.44,76.21,82.35,84.65,97.7,24.78,0.66,9.65,10.53,26.43,19.96,7.24,8.33,20.83
akseki_guzelsu,16.28,29.44,32.79,82.35,87.39,99.12,24.78,4.93,47.04,3.4,24.12,19.96,15.79,19.3,30.81
akseki_guclukoy,45.56,29.44,73.9,61.84,82.24,84.65,24.78,26.21,35.86,20.07,83.77,55.65,19.63,33.44,29.06
akseki_haci_ilyas,82.07,77.69,97.15,82.35,99.45,79.39,63.1,72.37,61.84,59.54,73.74,59.1,7.24,59.87,45.61
akseki_hocakoy,16.28,29.44,67.54,82.35,82.89,66.89,24.78,14.04,3.78,7.02,47.7,19.96,16.12,9.65,13.71
akseki_husamettinkoy,16.28,29.44,47.7,82.35,51.21,81.69,24.78,14.25,3.78,14.91,4.82,19.96,7.24,7.29,20.39
akseki_karakisla,16.28,29.44,39.8,82.35,72.92,99.34,24.78,0.55,3.78,6.8,31.14,19.96,7.24,6.14,20.07
akseki_kepez,16.28,29.44,54.71,82.35,95.94,71.05,24.78,9.54,9.32,12.06,52.58,19.96,15.24,6.03,27.96
akseki_mahmutlu,16.28,29.44,61.29,82.35,74.45,86.51,24.78,26.1,31.58,19.08,33.17,19.96,15.57,35.36,31.58
akseki_mentesbey,16.28,29.44,65.24,82.35,86.18,88.38,24.78,3.29,3.78,3.73,16.01,19.96,7.24,1.32,14.04
akseki_minareli,16.28,29.44,69.19,82.35,75.55,78.84,24.78,17.65,3.78,4.28,3.73,19.96,7.24,0.05,1.43
akseki_sadiklar,16.28,29.44,59.1,82.35,75.44,97.15,24.78,16.89,11.4,6.47,16.56,19.96,15.13,11.4,14.69
akseki_salihler,16.28,29.44,91.01,57.89,61.73,90.79,24.78,5.48,28.4,7.79,28.84,19.96,7.24,12.5,7.35
akseki_sarihacilar,36.57,61.4,43.53,82.35,64.69,74.78,52.36,64.91,61.29,56.36,96.05,42.54,7.24,47.48,36.73
akseki_sarihaliller,16.28,29.44,52.08,82.35,61.62,59.98,24.78,1.64,3.78,19.74,6.41,19.96,7.24,9.48,17.43
manavgat_sevinckoy,16.28,29.44,50.88,82.35,69.85,72.04,24.78,0.0,11.73,8.99,19.46,19.96,7.24,3.51,3.73
akseki_susuzsahap,16.28,29.44,45.83,82.35,79.82,99.45,24.78,0.99,3.78,5.04,21.66,19.96,7.24,17.87,46.38
akseki_suleymaniye,16.28,60.03,91.89,60.2,66.78,95.83,24.78,39.47,25.22,17.32,69.74,19.96,7.24,36.84,30.59
akseki_sinanhoca,16.28,29.44,58.55,82.35,82.35,81.14,24.78,30.26,26.97,9.76,42.38,41.01,7.24,24.23,21.6
akseki_taslica,45.56,29.44,84.87,53.18,68.75,78.51,24.78,32.35,42.65,27.41,82.46,49.51,17.0,40.57,29.61
akseki_yarpuz,57.46,29.44,86.07,64.36,75.99,99.89,24.78,11.95,45.94,2.19,47.15,59.98,7.24,27.19,18.42
akseki_caltilicukur,16.28,29.44,68.86,82.35,88.38,84.87,24.78,13.82,3.78,13.93,26.21,19.96,17.76,8.55,25.66
akseki_canakpinar,16.28,29.44,45.07,82.35,74.23,98.57,24.78,0.11,3.78,0.77,6.41,19.96,7.24,12.61,31.69
akseki_cinardibi,16.28,29.44,76.1,54.06,83.22,87.94,24.78,11.62,29.28,10.64,19.74,19.96,7.24,5.59,4.06
akseki_cukurkoy,16.28,29.44,72.04,82.35,77.52,84.43,24.78,37.28,47.81,4.5,32.4,19.96,17.32,33.28,16.78
akseki_cimikoy,16.28,29.44,17.54,82.35,76.21,100.0,24.78,1.21,3.78,1.86,30.76,19.96,7.24,9.76,30.04
ibradi_urunlu,73.36,29.44,92.11,82.35,86.29,85.2,24.78,32.02,59.32,2.85,65.24,19.96,7.24,38.16,32.02
aksu_alayli,36.57,29.44,31.91,38.38,30.15,23.68,64.25,55.48,56.03,57.79,76.64,61.68,56.03,67.87,85.53
aksu_altintas,81.14,84.65,25.77,21.93,19.19,3.84,99.67,79.93,83.22,82.13,10.2,83.44,69.63,75.38,80.04
aksu_ataturk,51.37,63.98,34.65,19.19,12.17,3.4,95.94,77.74,70.94,74.78,30.59,75.66,55.15,80.15,92.11
aksu_barbaros,51.37,72.31,26.97,23.79,13.38,35.42,67.49,70.61,70.72,74.01,49.51,62.88,68.31,69.3,79.06
aksu_boztepe,34.48,29.44,3.51,44.3,0.44,29.93,63.54,60.64,42.21,66.12,68.64,19.96,76.43,58.11,75.77
aksu_cumhuriyet,73.36,72.64,8.11,26.21,32.68,8.22,71.55,70.18,65.13,72.37,93.75,57.57,56.69,78.51,91.78
aksu_cihadiye,66.61,67.54,27.85,20.72,22.04,7.02,88.93,75.33,73.03,79.61,37.72,72.92,59.32,79.5,85.31
aksu_dumanlar,82.07,29.44,4.17,82.35,1.1,34.1,69.79,67.21,43.09,59.76,94.08,59.1,70.29,68.97,90.68
aksu_fatih,72.15,67.27,48.79,26.1,44.3,5.15,79.93,66.89,65.24,67.76,77.58,60.91,52.52,71.82,91.12
aksu_gokdere,34.48,29.44,11.95,40.24,12.61,20.83,71.05,43.42,58.55,59.43,60.53,19.96,67.32,61.68,89.14
aksu_guloluk,63.43,29.44,28.18,82.35,19.85,36.18,70.39,49.23,38.82,43.97,94.85,19.96,58.77,50.82,67.65
aksu_hacialiler,73.36,68.91,35.09,22.48,37.83,23.25,82.89,70.07,73.25,76.43,27.74,76.86,61.07,78.07,90.46
aksu_karacalli,84.48,78.95,8.99,40.13,13.16,14.58,75.71,66.12,65.46,67.65,70.83,67.54,77.3,72.81,81.03
aksu_karaoz,16.28,62.83,63.6,45.94,42.32,21.16,71.93,32.79,45.18,39.36,55.04,56.63,45.72,45.23,61.29
aksu_kayadibi,16.28,29.44,85.86,82.35,44.52,31.8,51.1,34.1,37.28,28.84,45.45,19.96,43.86,42.32,37.39
aksu_kemeragzi,74.4,93.75,46.6,23.68,3.73,24.45,88.43,68.86,84.76,77.41,16.34,87.94,80.26,75.99,84.98
aksu_konak,37.39,62.17,23.79,21.27,34.1,29.28,74.89,77.96,72.81,76.86,82.35,70.45,60.31,75.38,76.54
aksu_kumkoy,57.46,29.44,21.16,41.89,1.54,30.7,64.09,65.02,55.04,63.05,67.11,66.78,80.15,60.96,79.71
aksu_kundu,64.47,77.36,2.19,29.71,0.77,25.55,87.34,65.35,62.5,70.94,35.31,69.85,79.82,69.74,89.36
aksu_kursunlu,45.56,62.83,22.92,33.22,35.42,16.01,82.57,51.75,51.86,59.98,45.94,46.05,47.48,60.86,80.7
aksu_macun,70.83,79.17,81.58,23.03,52.85,9.43,88.6,76.43,80.7,76.21,23.36,76.75,56.8,79.17,87.61
aksu_mandirlar,16.28,61.4,27.96,29.39,25.0,17.54,85.64,71.16,66.89,69.08,66.78,63.93,72.37,70.39,78.18
aksu_murtuna,64.47,29.44,27.41,45.39,29.93,26.64,81.3,64.25,53.4,57.89,49.78,65.46,57.89,66.12,93.2
aksu_pinarli,77.8,85.75,15.79,11.07,41.12,15.79,92.54,86.62,84.54,77.63,17.98,88.32,57.13,88.93,94.52
aksu_solak,34.48,29.44,3.07,33.0,0.11,39.04,80.21,65.68,57.02,62.17,96.38,55.65,71.38,59.1,74.45
aksu_sogucaksu,65.24,71.98,24.01,17.32,42.11,8.44,82.13,83.0,74.56,81.8,85.09,71.33,59.54,83.99,92.76
aksu_topalli,53.45,65.84,39.36,30.04,33.11,4.06,81.3,65.57,57.46,61.18,52.74,62.06,46.82,65.35,82.13
aksu_yenidumanlar,52.58,29.44,4.61,40.35,0.0,41.45,63.1,58.99,51.97,53.84,52.58,19.96,70.94,60.14,72.37
aksu_yesilkaraman,57.46,29.44,76.64,44.96,30.7,30.15,69.63,55.7,43.75,43.09,96.16,62.5,41.78,49.23,59.87
aksu_yurtpinar,82.73,29.44,89.58,37.28,23.14,32.35,79.61,60.31,61.73,64.36,41.56,19.96,58.99,63.93,84.54
aksu_calkaya,53.45,84.87,8.22,26.97,7.02,20.07,86.46,67.0,72.92,71.38,49.23,73.41,73.46,69.85,80.59
aksu_camkoy,66.61,72.31,5.04,25.0,27.74,10.31,94.19,69.74,70.39,73.57,27.85,81.47,55.04,80.59,98.03
aksu_ihsaniye,16.28,29.44,1.1,30.37,0.33,28.29,24.78,43.97,15.24,58.33,77.85,19.96,71.05,57.24,98.57
alanya_akdam,45.56,29.44,74.45,82.35,74.67,78.29,24.78,32.68,24.78,35.09,69.02,19.96,54.28,38.93,60.09
alanya_akcati,45.56,62.83,91.56,52.63,85.96,99.23,24.78,39.91,59.54,28.4,87.5,52.52,31.91,30.7,11.07
alanya_alacami,45.56,29.44,53.29,82.35,80.04,96.6,24.78,10.53,21.6,10.09,55.92,19.96,31.58,14.69,42.32
alanya_alara,72.15,29.44,47.15,40.68,30.26,52.96,24.78,60.53,55.59,47.15,93.42,61.68,85.53,58.88,58.33
alanya_aliefendi,61.24,29.44,52.19,41.56,71.05,70.18,24.78,44.96,47.7,62.83,85.75,19.96,87.39,50.44,62.06
alanya_asmaca,57.46,29.44,95.5,59.98,92.43,93.97,51.1,52.41,54.28,48.36,58.77,60.42,32.79,33.77,16.89
alanya_avsallar,52.19,89.25,98.68,27.52,56.69,76.32,78.07,67.32,80.15,66.56,2.85,86.51,65.68,66.23,69.3
alanya_bademagaci,45.56,29.44,75.44,82.35,97.59,97.81,24.78,18.97,37.5,42.0,83.55,46.05,30.26,21.71,13.16
alanya_basirli,77.8,75.66,59.21,82.35,53.4,77.08,61.95,78.95,3.78,80.15,73.9,58.28,91.12,70.29,67.11
alanya_baskoy,38.76,29.44,45.5,82.35,94.85,87.39,24.78,40.35,35.53,38.27,43.97,19.96,39.36,29.61,19.52
alanya_bektas,37.39,67.54,86.4,28.4,95.07,94.08,61.07,71.05,66.34,72.81,76.86,57.57,34.65,64.47,61.95
alanya_beldibi,16.28,29.44,62.61,82.35,76.1,75.77,24.78,23.68,13.16,31.58,57.79,19.96,39.91,10.2,9.32
alanya_beyreli,45.56,29.44,58.33,82.35,96.05,75.99,24.78,42.98,42.98,57.57,89.36,19.96,83.11,38.71,29.71
alanya_bicakci,16.28,29.44,33.0,82.35,65.57,85.31,24.78,41.56,41.67,55.26,64.42,19.96,59.43,34.21,15.9
alanya_bucak,61.24,29.44,79.39,82.35,82.79,80.48,24.78,43.31,44.52,29.61,36.95,19.96,36.73,26.48,10.31
alanya_buyukhasbahce,52.58,64.69,98.25,24.56,98.79,73.25,69.79,75.22,77.52,83.22,30.15,67.05,76.1,76.86,94.63
alanya_buyukpinar,16.28,29.44,38.49,82.35,64.91,60.64,24.78,42.43,48.36,52.52,58.11,19.96,86.29,45.23,51.54
alanya_cumhuriyet,98.96,79.55,47.37,3.51,18.09,45.83,83.72,92.21,96.38,91.89,20.72,94.57,93.53,96.05,79.28
alanya_cikcilli,96.87,78.29,85.09,9.65,55.81,58.55,76.97,83.88,89.47,88.16,1.54,97.04,89.69,87.39,93.64
alanya_demirtas,64.47,68.59,87.61,32.13,45.39,75.11,49.89,68.31,68.53,62.61,31.36,74.45,91.89,64.8,77.08
alanya_degirmendere,73.36,62.17,86.73,31.69,96.71,81.25,71.55,74.12,64.8,71.49,63.38,66.5,76.86,63.38,68.86
alanya_dinek,69.57,61.4,90.24,22.7,44.63,74.01,69.19,73.68,78.18,75.88,45.18,74.34,90.13,72.04,68.75
alanya_elikesik,81.3,65.3,54.28,42.21,83.55,75.44,53.56,61.73,45.5,60.75,48.68,58.88,58.88,64.04,73.57
alanya_emisbeleni,34.48,29.44,73.25,38.6,65.9,55.48,24.78,48.68,53.95,58.99,63.16,59.59,64.04,66.01,82.02
alanya_fakircali,16.28,29.44,62.06,82.35,72.81,72.7,24.78,22.04,29.39,41.67,64.75,19.96,51.54,16.23,8.66
alanya_figla,91.83,86.84,10.86,11.51,41.45,52.52,74.07,93.53,86.62,91.67,23.25,88.32,91.45,90.24,100.0
alanya_gozukucuklu,16.28,29.44,69.63,52.52,91.34,92.32,54.55,33.33,37.83,42.32,81.03,19.96,37.94,18.64,12.5
alanya_guller_pinari,96.87,96.05,55.59,4.82,21.93,58.88,85.2,96.05,99.34,93.75,2.74,99.78,93.2,97.81,76.21
alanya_gumuskavak,45.56,29.44,81.25,82.35,92.76,95.5,24.78,33.66,34.21,33.77,89.64,19.96,35.75,10.53,7.57
alanya_hacet,99.73,81.09,40.02,3.29,22.92,54.28,72.48,91.12,93.97,93.2,6.69,97.92,92.0,95.29,84.65
alanya_hacikerimler,61.24,29.44,59.76,82.35,99.34,70.61,24.78,49.01,49.23,53.73,70.5,19.96,28.95,50.55,49.67
alanya_hacimehmetli,16.28,29.44,63.27,82.35,99.56,86.73,24.78,51.1,52.41,70.29,51.1,44.46,62.94,44.19,30.48
alanya_hocalar,45.56,65.3,49.12,49.34,95.72,71.93,24.78,39.69,41.12,51.21,81.58,19.96,82.89,45.07,64.91
alanya_hisarici,38.76,29.44,74.56,19.3,39.36,81.47,61.95,81.36,87.61,80.37,36.24,66.01,86.4,71.71,60.86
alanya_kadipasa,96.87,97.92,31.8,3.62,38.6,55.37,72.48,95.18,95.94,94.19,7.24,98.79,91.67,96.49,64.8
alanya_karapinar,16.28,29.44,84.54,62.17,75.88,91.89,24.78,23.57,28.51,15.13,43.42,52.52,35.42,22.86,15.57
alanya_kargicak,68.48,80.15,97.81,33.33,57.46,82.35,69.96,64.36,72.59,68.86,19.3,74.01,85.75,62.61,69.74
alanya_kayabasi,69.57,29.44,66.23,82.35,98.68,79.61,24.78,37.94,42.87,51.75,94.3,19.96,28.4,50.33,55.81
alanya_kestel,98.41,83.33,97.04,19.41,31.91,73.68,83.0,78.4,85.75,77.96,4.17,95.83,92.43,77.3,85.42
alanya_kesefli,73.36,29.44,39.04,37.61,53.07,61.73,74.89,68.64,64.25,61.51,98.36,62.23,94.08,67.43,74.23
alanya_kizilcasehir,66.61,60.03,92.0,36.4,93.64,94.63,63.54,61.84,52.96,64.25,71.16,53.78,47.92,52.69,50.44
alanya_kizlar_pinari,68.75,93.53,44.41,5.37,18.31,48.46,79.82,88.16,96.82,89.91,8.99,99.34,92.87,92.65,63.05
alanya_kocaoglanli,16.28,29.44,66.78,82.35,74.78,74.23,24.78,16.34,3.78,44.52,56.58,19.96,66.67,13.82,30.26
alanya_konakli,71.77,93.86,92.21,19.74,29.82,56.58,79.0,77.52,89.04,80.48,2.3,99.67,90.79,84.21,90.02
alanya_kuzyaka,16.28,29.44,89.25,54.17,81.58,98.9,24.78,45.29,56.36,45.5,54.5,19.96,37.83,38.27,19.19
alanya_kucukhasbahce,77.8,85.14,61.18,21.6,64.47,70.83,58.06,86.4,81.58,86.4,26.1,82.84,88.16,85.09,96.82
alanya_mahmutlar,87.94,98.03,99.89,21.16,56.03,86.18,75.11,70.39,90.13,71.27,0.0,99.45,44.52,75.22,82.57
alanya_mahmutseydi,45.56,29.44,75.0,82.35,87.5,91.01,24.78,58.0,58.22,46.93,83.28,49.51,29.93,34.87,24.01
alanya_oba,88.71,99.23,98.36,14.8,25.77,64.8,84.43,81.25,94.96,87.06,0.22,99.89,91.34,83.11,93.09
alanya_obaalacami,57.46,29.44,73.46,53.29,92.11,99.78,24.78,29.61,33.11,28.51,78.18,19.96,29.71,26.26,14.36
alanya_okurcalar,39.8,81.3,63.71,27.08,43.75,72.37,86.84,73.14,80.04,72.04,20.5,92.43,87.61,72.48,71.38
alanya_payallar,71.77,78.07,38.16,25.22,36.95,48.36,67.11,71.6,73.68,73.79,8.44,85.2,89.14,80.04,91.45
alanya_pasakoy,16.28,29.44,78.73,82.35,98.57,90.46,24.78,40.57,12.17,43.86,46.27,19.96,32.02,9.48,19.85
alanya_sapadere,45.56,29.44,50.0,62.83,92.98,91.23,24.78,21.71,26.43,25.22,98.68,19.96,37.28,20.72,26.43
alanya_saray,91.83,99.45,51.97,2.41,15.79,51.21,68.53,96.93,100.0,92.43,3.84,100.0,93.31,99.12,83.11
alanya_seki,16.28,29.44,55.48,31.25,51.1,78.95,54.55,58.88,64.47,63.82,91.56,51.97,92.11,62.06,58.99
alanya_sogukpinar,82.07,29.44,86.18,82.35,78.4,74.56,24.78,47.37,48.14,49.56,71.0,19.96,57.02,59.54,67.54
alanya_sugozu,83.83,80.48,71.82,21.82,63.16,60.75,66.72,82.13,77.85,82.24,18.2,81.14,81.69,80.32,87.83
alanya_tasbasi,16.28,29.44,10.09,58.55,96.38,92.87,24.78,3.51,31.25,11.62,32.24,19.96,30.81,30.37,45.29
alanya_tepe,16.28,61.4,95.39,34.32,96.82,95.39,56.91,64.8,66.12,63.27,84.27,46.05,33.99,56.03,47.37
alanya_tirilar,69.57,29.44,61.95,43.64,67.87,57.79,24.78,49.45,54.71,49.78,51.97,19.96,77.96,29.5,4.61
alanya_tophane,77.8,70.72,42.43,18.2,58.11,72.48,61.95,83.44,87.5,89.36,44.24,58.28,89.25,79.71,58.44
alanya_toslak,81.3,29.44,70.29,48.03,60.2,53.18,24.78,46.27,58.11,61.73,30.37,58.72,75.99,65.9,81.8
alanya_tosmur,96.87,86.51,80.15,14.04,32.46,61.95,81.14,85.09,88.93,87.17,8.11,94.57,93.42,89.75,93.86
alanya_turkler,87.12,89.36,95.29,28.95,45.07,62.5,75.22,69.63,75.66,70.61,22.26,86.84,87.94,72.15,80.37
alanya_turktas,57.46,29.44,91.23,82.35,97.15,89.14,24.78,45.83,56.91,36.51,68.42,49.51,27.74,41.06,35.64
alanya_uzunoz,45.56,29.44,66.01,82.35,94.19,96.93,24.78,38.16,38.05,35.96,82.24,19.96,36.18,21.49,6.91
alanya_ugrak,45.56,29.44,59.32,41.12,78.84,82.02,57.57,56.14,49.45,54.06,80.59,55.65,90.24,54.71,70.83
alanya_yalci,16.28,29.44,70.83,58.11,83.77,97.92,24.78,45.18,60.2,29.5,23.52,60.42,34.87,38.6,19.3
alanya_yasirali,16.28,29.44,89.47,82.35,98.25,92.76,24.78,42.87,42.11,47.48,28.23,19.96,33.88,31.47,37.06
alanya_yaylakonak,57.46,29.44,69.74,82.35,98.36,84.98,24.78,30.37,34.65,41.89,69.52,19.96,37.17,16.56,8.11
alanya_yaylali,45.56,29.44,93.97,32.68,99.12,80.92,60.91,56.91,67.43,67.21,72.92,43.26,86.73,61.24,58.88
alanya_yenikoy,16.28,29.44,85.2,82.35,79.28,75.66,24.78,36.95,34.43,54.93,91.83,19.96,47.81,41.89,56.25
alanya_yesiloz,57.46,62.83,30.37,42.43,45.18,64.14,60.14,57.35,60.09,60.42,72.7,64.47,94.74,67.05,82.46
alanya_cakallar,38.76,29.44,71.6,50.55,68.09,81.91,24.78,35.96,46.82,35.31,91.39,19.96,48.57,43.31,40.68
alanya_camlica,71.93,29.44,85.96,55.48,95.39,76.86,24.78,41.01,34.87,40.46,71.27,19.96,49.89,21.16,15.46
alanya_carsi,77.8,85.14,94.41,3.95,46.93,75.88,69.35,80.26,95.18,91.56,39.04,88.87,90.68,88.27,69.52
alanya_ciplakli,68.75,88.54,69.08,17.87,55.04,62.39,74.56,80.04,79.17,84.87,9.43,84.81,88.05,78.4,88.49
alanya_otekoy,45.56,29.44,48.03,82.35,90.02,93.09,24.78,19.41,32.68,18.53,29.61,19.96,32.89,14.04,13.82
alanya_ozvadi,16.28,29.44,25.33,38.16,65.68,52.74,24.78,45.39,46.6,60.31,65.46,19.96,91.78,53.07,70.18
alanya_uzumlu,16.28,29.44,66.34,82.35,92.21,93.42,24.78,25.0,13.27,31.47,53.13,19.96,33.11,7.79,6.8
alanya_imamli,57.46,29.44,36.4,44.19,73.68,58.33,51.1,53.18,41.78,57.13,97.81,19.96,88.93,51.86,75.88
alanya_incekum,64.47,73.68,48.57,29.17,58.66,65.9,72.15,70.29,71.16,62.28,34.54,80.04,79.93,63.49,57.79
alanya_isbatli,36.57,29.44,46.38,82.35,62.17,60.2,24.78,50.33,14.25,61.95,73.74,19.96,90.35,46.16,84.76
alanya_ishakli,73.36,29.44,49.45,32.79,61.18,68.64,24.78,63.27,63.93,68.53,88.98,43.26,92.65,64.58,64.58
alanya_sekerhane,91.83,98.68,19.85,1.1,33.55,53.4,68.53,93.31,99.78,97.81,8.33,99.01,92.76,99.45,38.16
alanya_sihlar,45.56,29.44,72.26,82.35,76.75,73.57,24.78,38.6,30.48,38.49,93.09,19.96,45.94,16.45,10.09
demre_alakent,96.87,62.17,1.97,31.36,10.53,40.13,64.86,77.85,74.34,72.59,60.42,72.92,99.56,81.36,96.93
demre_beloren,16.28,29.44,68.75,59.32,88.71,94.3,24.78,23.25,20.39,14.14,82.02,19.96,45.83,12.72,16.12
demre_buyukkum,38.76,60.03,83.0,28.51,20.29,59.1,64.09,75.44,78.29,70.07,39.25,77.19,99.78,73.57,83.88
demre_davazlar,16.28,29.44,74.01,82.35,84.98,83.66,24.78,19.63,25.0,12.83,34.7,19.96,49.34,15.57,32.35
demre_gokyazi,99.45,86.4,32.24,15.57,4.61,40.46,75.93,85.64,90.57,79.5,14.36,91.34,99.89,87.17,99.12
demre_gurses,16.28,29.44,84.98,45.83,88.82,77.52,60.14,47.7,54.06,35.86,77.14,49.51,58.66,46.71,59.1
demre_kaleucagiz,73.36,29.44,83.66,41.67,51.32,73.46,24.78,53.73,71.05,26.86,84.43,62.88,98.14,50.11,44.63
demre_kapakli,16.28,29.44,53.73,45.29,63.6,69.3,24.78,40.02,55.26,26.97,85.86,19.96,90.02,46.38,61.07
demre_karabucak,37.66,59.1,90.68,40.57,49.45,57.68,62.83,68.53,57.57,64.47,41.23,58.72,94.52,65.24,73.79
demre_kayaalti,16.28,72.64,35.96,31.8,21.38,54.06,24.78,59.54,63.6,69.96,76.37,19.96,99.01,71.6,84.87
demre_koskerler,53.45,29.44,35.2,43.31,43.42,63.49,49.89,48.36,40.02,44.08,47.26,19.96,92.21,51.48,63.93
demre_kucukkum,85.31,62.17,8.88,26.43,4.17,42.32,58.06,74.67,73.36,76.97,73.03,68.15,100.0,79.93,89.47
demre_yavu,16.28,29.44,83.33,49.56,63.49,72.15,24.78,25.11,37.17,21.6,75.99,19.96,54.71,40.35,47.04
demre_yaylakaya,86.18,29.44,16.34,35.2,8.33,45.29,64.53,69.19,62.61,72.15,75.55,63.93,99.34,75.0,87.28
demre_cagman,16.28,29.44,60.42,60.53,82.46,90.35,24.78,3.07,22.81,18.86,51.21,19.96,43.09,18.42,28.95
demre_cevreli,66.61,29.44,38.71,82.35,55.7,50.11,24.78,47.04,45.07,34.32,94.63,59.59,92.32,57.89,73.36
dosemealti_ahirtas,57.46,29.44,98.03,82.35,70.07,47.92,71.93,34.54,40.13,35.2,73.36,19.96,16.23,36.51,17.87
dosemealti_akkoc,16.28,29.44,81.69,82.35,72.48,64.25,24.78,5.7,18.09,22.15,61.02,19.96,7.24,21.93,17.0
dosemealti_altinkale,95.29,70.39,58.99,25.66,6.25,0.44,98.57,76.75,78.95,78.51,10.96,81.25,32.24,70.5,74.01
dosemealti_ayanlar,34.48,29.44,43.09,50.33,60.86,50.88,75.44,46.93,42.0,45.83,97.15,41.01,7.24,50.66,50.88
dosemealti_aydinlar,16.28,29.44,75.66,50.99,52.3,47.59,76.15,48.57,48.03,45.39,99.78,19.96,7.24,52.25,53.62
dosemealti_asagioba,51.37,29.44,9.65,28.18,5.81,1.64,76.37,60.75,58.44,63.93,75.66,55.65,30.59,62.5,63.38
dosemealti_bademagaci,66.61,29.44,47.26,50.44,36.07,24.23,65.41,52.3,42.43,46.82,71.38,59.59,7.24,53.73,46.49
dosemealti_bahceyaka,54.11,83.11,51.43,20.94,6.36,2.08,97.42,79.82,85.42,80.59,6.03,88.71,32.13,75.6,77.19
dosemealti_biyikli,16.28,29.44,57.35,44.41,35.53,56.03,73.3,51.21,64.04,42.98,39.91,49.51,7.24,54.82,50.99
dosemealti_camili,16.28,29.44,28.62,82.35,48.68,2.3,74.07,62.28,45.72,47.92,78.78,69.52,23.03,53.84,44.96
dosemealti_dagbeli,45.56,29.44,47.04,54.28,54.5,64.04,63.93,12.61,37.61,38.16,57.57,63.54,7.24,37.5,42.43
dosemealti_dereli,86.18,29.44,0.66,31.91,11.51,0.0,65.95,59.76,52.63,52.3,46.71,19.96,29.5,59.43,72.92
dosemealti_duzlercami,66.61,29.44,44.52,47.37,24.34,13.27,82.79,69.85,67.0,67.11,51.75,71.82,31.69,58.77,52.74
dosemealti_eksili,45.56,29.44,51.86,48.25,43.31,7.57,79.22,46.49,42.32,48.03,87.06,47.64,22.7,52.03,48.46
dosemealti_ilicakoy,66.61,82.95,13.49,45.07,31.47,4.39,79.22,63.05,58.33,53.18,95.5,70.12,22.04,57.13,51.86
dosemealti_karaman,16.28,29.44,99.34,63.93,59.87,67.98,70.07,56.36,29.06,27.96,96.88,19.96,7.24,28.73,20.29
dosemealti_karatas,69.57,29.44,0.55,36.18,16.89,0.66,75.71,66.78,61.07,58.11,86.84,69.96,29.28,61.68,65.13
dosemealti_karaveliler,57.46,29.44,45.72,51.97,53.84,42.98,75.93,42.76,39.36,35.42,81.8,65.13,7.24,46.27,43.53
dosemealti_kevsirler,16.28,29.44,5.7,39.47,25.99,0.11,66.34,48.03,48.46,53.95,45.45,19.96,27.96,52.41,58.55
dosemealti_kovanlik,57.46,29.44,37.83,52.3,48.57,51.43,84.65,39.25,50.99,41.34,70.18,53.78,7.24,51.64,51.97
dosemealti_killik,45.56,29.44,56.36,82.35,65.13,69.08,71.71,26.86,25.44,27.19,87.28,43.91,7.24,38.43,33.77
dosemealti_nebiler,66.61,70.07,93.53,32.46,41.56,47.15,80.04,72.92,61.95,66.23,55.76,53.78,35.31,70.18,73.25
dosemealti_orta,57.46,29.44,57.89,37.83,40.13,44.52,89.25,66.56,61.51,53.29,73.46,49.51,7.24,55.48,46.27
dosemealti_selimiye,16.28,29.44,0.33,34.21,7.35,1.97,68.53,64.58,53.07,68.09,16.89,51.7,30.48,63.76,60.75
dosemealti_tomalar,83.83,83.5,59.98,82.35,8.88,4.28,81.69,78.07,73.9,75.44,61.62,72.92,32.46,72.7,74.12
dosemealti_yalinli,52.58,74.18,91.12,35.96,21.27,27.08,90.52,76.97,71.71,75.0,57.89,70.89,32.57,71.22,66.12
dosemealti_yagca,82.46,60.03,34.87,43.86,36.62,41.78,67.49,57.68,49.67,57.35,65.9,55.65,7.24,55.26,49.01
dosemealti_yesilbayir,88.21,71.16,96.05,24.01,11.18,1.54,99.89,78.73,79.28,81.14,13.82,79.06,32.68,73.46,69.96
dosemealti_ciglik,73.36,29.44,9.98,82.35,14.14,1.32,82.13,64.69,62.06,64.04,92.54,57.57,30.37,64.14,63.16
elmali_ahatli,34.48,60.03,30.81,82.35,80.59,70.72,24.78,29.28,3.78,26.43,80.37,41.01,30.92,39.69,33.44
elmali_akcaenis,96.87,29.44,7.68,32.35,5.04,37.5,24.78,66.67,63.49,44.85,97.59,19.96,30.7,61.4,53.29
elmali_akcay,57.46,66.67,5.37,41.01,21.16,35.2,24.78,51.64,65.79,47.26,72.81,70.29,33.0,57.68,54.71
elmali_armutlu,16.28,29.44,43.97,50.88,50.77,85.86,24.78,4.39,30.15,33.55,60.25,19.96,35.09,33.66,43.86
korkuteli_avdan,57.46,29.44,19.19,82.35,63.05,22.59,24.78,4.06,44.85,12.28,87.77,19.96,17.43,19.74,21.93
elmali_bayindir,16.28,29.44,11.4,82.35,70.83,8.11,58.61,9.1,21.05,30.04,68.53,19.96,21.6,34.43,38.6
elmali_bayralar,66.61,29.44,3.73,44.74,5.59,18.64,24.78,52.85,54.17,39.04,89.25,61.29,29.61,58.66,52.19
elmali_beyler,16.28,29.44,0.99,37.94,8.22,10.96,24.78,20.18,50.11,41.01,51.97,19.96,28.51,48.68,45.72
elmali_bozhuyuk,53.45,29.44,6.03,82.35,39.58,30.04,24.78,7.79,21.82,38.93,36.51,19.96,22.81,25.6,26.21
elmali_buyuksogle,16.28,29.44,16.23,63.27,69.41,61.18,24.78,3.95,44.63,9.1,78.95,19.96,26.1,15.68,19.63
elmali_camiatik,62.12,87.39,30.7,82.35,93.31,7.79,64.36,81.47,82.35,80.7,88.76,64.8,23.9,79.39,69.41
elmali_camicedit,67.87,73.14,32.35,43.09,98.03,11.84,59.05,71.27,43.64,49.01,51.97,54.44,22.59,58.33,23.68
elmali_derekoy,16.28,29.44,29.17,82.35,78.07,49.23,24.78,2.08,3.78,15.35,15.46,19.96,18.64,0.77,9.65
elmali_duden,57.46,29.44,6.69,45.18,30.81,26.32,56.3,39.14,53.51,52.96,88.76,53.78,26.97,52.25,49.56
elmali_eskihisar,62.12,29.44,21.27,82.35,51.54,62.61,24.78,50.77,40.46,42.87,90.79,61.29,21.38,54.11,55.59
elmali_eymir,73.36,29.44,1.21,42.65,5.37,5.48,24.78,52.08,52.52,39.47,93.86,57.57,26.75,56.36,51.75
elmali_gecmen,16.28,29.44,22.15,82.35,78.73,70.39,24.78,12.5,3.78,8.0,61.18,19.96,29.06,4.93,20.5
elmali_gecit,16.28,29.44,15.13,82.35,31.69,44.96,24.78,4.71,3.78,30.59,45.45,19.96,25.0,21.38,42.98
elmali_gokpinar,16.28,29.44,0.88,43.53,33.88,0.22,56.3,47.26,52.19,59.1,75.88,49.51,23.25,49.45,49.45
elmali_muren,16.28,29.44,11.84,82.35,44.74,36.95,24.78,13.16,18.86,30.81,98.08,19.96,20.5,31.03,35.42
elmali_goltarla,16.28,29.44,85.42,63.49,55.26,95.61,24.78,17.76,16.67,13.38,35.03,19.96,34.32,14.97,22.15
elmali_gumusyaka,16.28,29.44,23.36,82.35,81.36,15.24,24.78,0.44,3.78,13.71,25.82,19.96,17.87,4.06,11.84
elmali_gundogan,77.8,82.18,87.39,23.9,97.81,15.57,61.95,84.54,82.24,78.84,47.92,87.23,24.12,79.82,71.82
elmali_hacimusalar,16.28,29.44,0.11,38.71,26.86,3.62,24.78,30.04,53.18,46.16,39.69,19.96,28.62,48.46,48.68
elmali_kapmescit,62.12,70.72,12.94,82.35,56.58,4.82,57.13,74.45,55.37,80.04,60.75,51.7,23.36,74.23,65.68
elmali_karakoy,16.28,29.44,16.78,82.35,49.23,51.64,24.78,3.73,3.78,22.92,18.09,19.96,18.86,11.84,32.57
elmali_karamik,16.28,29.44,34.43,58.99,35.86,69.74,24.78,6.8,22.04,18.75,62.5,19.96,33.77,24.45,34.76
elmali_karyagdi,62.66,64.86,13.27,23.46,34.54,7.46,52.74,68.09,75.55,67.0,24.01,76.54,25.11,66.89,61.4
elmali_kizilca,16.28,29.44,21.49,55.37,66.12,22.48,24.78,1.32,10.96,30.7,38.76,19.96,28.29,22.04,39.47
elmali_kisla,45.56,29.44,2.74,48.46,24.89,9.21,24.78,16.78,35.2,38.6,70.61,19.96,24.78,37.77,41.45
elmali_kocapinar,34.48,60.03,11.18,57.35,62.28,8.0,51.1,13.71,9.98,50.88,66.23,41.01,25.88,37.28,25.99
elmali_kuzkoy,16.28,29.44,28.4,82.35,40.46,68.2,24.78,0.88,3.78,13.05,28.51,19.96,26.54,12.94,28.62
elmali_kucuksogle,45.56,29.44,30.26,82.35,66.23,74.67,24.78,10.64,17.76,4.06,48.3,19.96,28.73,11.18,13.27
elmali_macun,16.28,29.44,22.59,82.35,90.46,52.19,24.78,2.85,3.78,12.17,57.24,19.96,19.3,7.57,31.8
elmali_mursal,16.28,29.44,2.08,82.35,17.65,20.94,24.78,13.05,3.78,25.33,68.2,19.96,26.64,23.79,38.82
elmali_pirhasanlar,16.28,29.44,0.44,82.35,5.15,20.18,24.78,11.73,3.78,36.84,64.97,19.96,26.86,26.97,47.7
elmali_salur,45.56,29.44,18.64,82.35,45.29,41.01,24.78,1.97,27.63,37.39,99.67,19.96,22.37,28.4,43.75
elmali_sarilar,16.28,29.44,0.22,82.35,7.46,23.03,24.78,6.91,3.78,44.63,48.57,19.96,30.04,28.02,50.77
elmali_tahtamescit,38.76,63.98,25.22,82.35,98.46,67.11,53.07,41.67,16.23,35.75,56.09,43.91,22.26,43.15,30.15
elmali_tavullar,16.28,29.44,0.77,82.35,14.69,9.98,24.78,16.01,11.84,28.73,54.77,19.96,27.19,33.28,46.71
elmali_tekke,86.84,29.44,36.29,55.7,48.79,87.5,24.78,45.61,28.29,22.81,83.28,61.29,34.98,47.15,32.46
elmali_toklular,77.8,75.66,14.04,82.35,100.0,19.3,61.95,88.82,75.99,82.46,58.55,58.28,23.57,83.44,79.39
elmali_yakaciftlikkoyu,45.56,29.44,36.07,82.35,53.29,65.79,24.78,9.21,23.03,20.61,79.22,19.96,29.82,25.27,37.83
elmali_yalnizdam,16.28,29.44,6.14,82.35,34.76,42.87,24.78,6.58,12.06,42.65,58.77,19.96,22.48,23.25,35.2
elmali_yaprakli,16.28,29.44,30.92,82.35,93.75,82.68,24.78,0.22,3.78,6.91,47.7,19.96,17.65,1.21,12.83
elmali_yeni,94.96,85.31,25.11,23.36,40.02,6.36,64.69,72.04,80.37,75.77,16.45,84.43,25.33,73.68,65.57
elmali_yilmazli,16.28,29.44,25.99,82.35,57.13,32.89,24.78,1.86,3.78,21.93,65.68,19.96,21.27,24.67,53.18
elmali_yuva,64.47,68.26,33.11,57.46,59.54,69.85,24.78,8.77,33.33,23.68,51.64,53.12,25.44,43.64,28.73
elmali_yorenler,16.28,29.44,33.88,82.35,99.01,76.64,24.78,5.15,3.78,6.69,14.25,19.96,19.85,0.33,4.28
elmali_zumrutova,83.83,29.44,73.03,58.77,50.44,83.22,24.78,53.95,48.57,26.54,98.08,67.38,34.76,51.1,39.04
elmali_ilyagi,16.28,29.44,16.56,82.35,68.64,6.58,24.78,22.81,27.41,22.48,76.37,19.96,16.01,33.0,30.92
elmali_caybasi,91.83,29.44,1.43,45.61,6.69,50.33,24.78,58.66,45.39,52.85,77.14,66.01,31.14,61.24,55.37
elmali_cobanisa,16.28,29.44,17.76,51.21,46.6,1.43,24.78,55.15,40.57,33.22,35.03,19.96,17.98,49.89,41.89
elmali_cukurelma,16.28,70.72,31.69,82.35,50.11,5.04,24.78,50.88,35.42,29.06,71.0,61.29,19.41,48.79,32.79
elmali_ozdemir,57.46,29.44,34.54,46.93,50.88,17.65,54.55,50.55,40.35,33.66,79.55,55.65,16.78,44.63,33.11
elmali_imircik,16.28,29.44,17.87,82.35,37.39,47.81,24.78,6.47,3.78,23.57,26.86,19.96,24.34,12.39,21.05
elmali_iplik_pazari,91.83,79.55,3.95,10.31,58.77,31.47,61.95,92.43,85.96,88.38,92.93,72.92,24.01,88.71,97.04
elmali_islamlar,16.28,29.44,20.72,82.35,58.88,50.66,24.78,18.31,22.92,28.18,84.92,57.57,28.84,43.91,34.32
finike_alacadag,16.28,29.44,56.58,62.28,92.0,93.64,24.78,31.58,46.38,23.36,41.39,49.51,42.65,25.88,22.81
finike_arif,63.43,29.44,50.77,82.35,91.89,93.31,24.78,14.91,19.52,10.31,83.99,46.05,36.84,25.0,21.38
finike_asaronu,16.28,29.44,78.07,82.35,95.61,86.4,24.78,24.89,3.78,19.96,43.75,19.96,44.19,5.15,11.95
demre_beymelek,70.39,78.62,92.54,41.78,47.37,84.21,80.37,57.24,64.14,50.33,30.26,67.65,48.03,58.44,75.0
finike_boldag,16.28,29.44,92.43,59.43,80.15,79.5,51.1,54.71,62.83,29.28,33.39,41.01,48.36,39.25,14.47
finike_dagbag,16.28,29.44,64.58,82.35,69.52,90.24,24.78,3.84,3.78,12.5,41.67,19.96,41.45,16.12,26.54
finike_ernez,45.56,29.44,44.85,82.35,81.14,75.22,24.78,9.65,16.78,18.42,97.7,19.96,39.47,21.6,23.79
finike_eski,51.37,84.98,80.81,21.05,63.93,56.47,82.68,70.5,81.47,76.1,62.99,78.07,84.21,73.9,56.14
finike_gokbuk,16.28,29.44,78.29,82.35,68.86,67.76,24.78,44.63,50.66,25.0,74.4,55.65,42.98,45.5,33.0
finike_gokceyaka,16.28,29.44,66.12,59.21,83.33,86.62,24.78,23.03,9.1,17.87,40.08,19.96,41.12,4.71,7.89
finike_hasyurt,87.12,73.36,95.07,27.74,8.55,59.32,90.02,73.25,73.46,73.25,21.16,84.32,97.7,71.05,69.63
finike_kale,83.83,71.71,42.11,19.96,38.38,67.32,63.54,82.24,89.14,86.73,63.49,80.59,97.48,80.32,61.62
finike_karsiyaka,38.76,63.98,48.68,27.19,99.67,56.69,57.13,81.91,72.04,83.99,69.02,69.52,94.41,79.28,59.21
finike_kizilca,62.12,75.66,27.19,82.35,49.56,44.74,68.53,85.42,73.57,79.93,88.27,58.28,95.61,81.25,63.82
finike_kum,81.58,80.26,93.86,25.44,2.08,65.02,79.61,75.99,77.96,77.85,12.83,83.11,98.68,76.48,78.07
finike_sahilkent,70.39,71.49,96.27,34.54,33.99,69.41,86.46,68.75,67.76,59.65,32.89,73.74,78.73,63.05,62.17
finike_saklisu,16.28,29.44,50.44,45.5,28.62,64.91,54.55,47.81,57.89,49.45,91.39,54.77,88.6,54.44,57.57
finike_turuncova,54.11,79.06,93.2,29.5,30.04,73.9,67.87,63.82,71.93,65.13,15.35,87.77,89.04,66.72,66.01
finike_yalniz,45.56,29.44,77.85,64.04,91.12,91.12,24.78,13.27,19.74,11.73,99.01,19.96,38.16,22.7,17.11
finike_yazir,16.28,29.44,50.66,82.35,71.49,89.25,24.78,5.59,20.83,16.78,66.39,19.96,38.6,18.91,18.09
finike_yeni,96.87,92.16,32.68,10.2,2.63,47.37,83.72,94.85,93.64,90.68,18.53,91.83,99.23,98.36,87.72
finike_yesilkoy,45.56,29.44,57.79,82.35,85.42,89.91,24.78,8.44,18.42,11.51,59.87,19.96,39.14,7.68,10.64
finike_yesilyurt,84.65,68.26,96.82,33.88,40.24,72.81,73.46,63.93,63.71,59.87,32.57,73.74,74.01,64.31,60.96
finike_yuvali,86.84,29.44,81.14,44.63,47.15,76.97,24.78,71.38,60.31,57.68,42.21,74.78,64.69,66.72,67.32
finike_camlibel,16.28,29.44,42.54,82.35,79.39,88.6,24.78,10.31,3.78,9.21,38.21,19.96,38.38,12.17,14.58
finike_iskele,66.61,29.44,87.06,34.98,32.24,61.62,70.83,64.04,66.45,67.43,36.73,59.59,73.36,67.32,75.22
gazipasa_akoluk,16.28,29.44,39.14,82.35,84.54,96.82,24.78,24.67,9.21,3.29,19.46,19.96,46.93,0.66,1.43
gazipasa_aydin,86.18,78.73,27.74,20.5,16.78,32.79,53.4,77.63,77.08,75.11,44.85,78.95,98.79,84.76,97.92
gazipasa_aydincik,16.28,29.44,31.58,33.66,42.76,42.65,52.36,62.5,58.0,66.89,89.8,44.46,96.05,66.34,91.01
gazipasa_bakilar,65.24,29.44,36.51,82.35,33.66,36.73,24.78,60.42,54.93,71.6,76.1,43.26,98.46,67.54,98.14
gazipasa_beyobasi,16.28,29.44,42.98,82.35,54.82,39.25,24.78,58.77,49.01,63.16,46.49,42.54,96.16,57.79,80.48
gazipasa_beyrebucak,71.33,29.44,98.14,58.22,72.59,64.58,24.78,58.55,59.98,46.71,62.72,66.78,91.56,59.65,85.2
gazipasa_cumhuriyet,83.83,92.54,88.82,24.89,30.37,53.84,65.41,77.41,84.32,74.12,35.86,85.8,97.92,77.19,88.71
gazipasa_doganca,45.56,29.44,77.74,55.26,77.3,93.86,24.78,44.19,36.07,21.38,59.38,19.96,52.3,12.83,6.25
gazipasa_ekmel,61.24,29.44,37.28,35.75,34.98,46.27,24.78,58.22,64.69,66.34,80.7,57.07,97.15,65.08,88.93
gazipasa_esenpinar,16.28,29.44,74.67,82.35,87.17,91.78,24.78,37.17,3.78,8.55,13.49,19.96,48.79,0.44,7.46
gazipasa_esentepe,91.83,29.44,53.51,32.02,83.66,40.79,24.78,73.03,63.27,71.71,81.91,66.01,96.93,76.75,87.94
gazipasa_gazi,85.69,69.57,32.46,23.14,26.32,45.07,75.55,74.89,78.07,76.64,25.99,97.81,98.25,82.02,97.59
gazipasa_gokcebelen,16.28,29.44,64.14,46.71,74.56,72.26,24.78,30.7,31.14,13.16,42.11,19.96,63.82,8.0,4.17
gazipasa_gokcesaray,16.28,29.44,75.22,82.35,92.65,96.27,24.78,35.64,10.2,3.18,32.68,19.96,51.43,1.75,4.39
gazipasa_gocuk,34.48,29.44,82.68,82.35,90.68,66.67,24.78,40.46,14.8,30.92,88.38,19.96,66.78,32.35,42.87
gazipasa_guneykoy,45.56,29.44,83.44,42.87,69.19,71.38,24.78,51.86,50.0,43.53,85.58,46.05,91.23,47.26,56.91
gazipasa_gurcam,16.28,29.44,76.43,82.35,96.16,94.85,24.78,39.8,28.95,4.61,35.03,19.96,56.36,8.11,3.95
gazipasa_hasdere,87.77,29.44,49.01,47.48,44.08,63.71,24.78,53.62,38.93,52.63,95.18,19.96,94.85,57.35,86.73
gazipasa_ilica,45.56,29.44,88.93,82.35,90.35,84.54,24.78,33.77,36.18,24.56,78.07,19.96,42.0,13.05,6.69
gazipasa_kahyalar,57.46,73.9,82.13,39.58,50.22,56.25,54.55,63.49,57.79,57.02,68.09,62.88,92.54,62.17,73.03
gazipasa_karalar,45.56,29.44,55.15,82.35,75.22,58.77,24.78,43.2,23.9,40.24,65.57,19.96,84.43,36.68,52.52
gazipasa_karatepe,45.56,29.44,61.4,82.35,90.9,88.82,24.78,36.29,25.55,17.54,78.78,19.96,40.68,10.09,14.91
gazipasa_karacukur,16.28,29.44,74.89,82.35,95.83,83.11,24.78,41.89,3.78,25.66,32.79,19.96,50.33,0.22,4.71
gazipasa_kirahmetler,36.57,29.44,43.75,46.27,63.27,48.03,24.78,54.39,51.43,49.89,53.13,46.05,90.9,57.46,80.81
gazipasa_kizilguney,16.28,29.44,60.75,82.35,97.92,63.82,24.78,37.72,32.79,38.38,80.92,19.96,68.2,31.8,44.41
gazipasa_koru,16.28,29.44,94.63,42.76,34.65,52.41,57.57,61.95,65.57,64.8,75.22,62.88,97.37,69.08,86.62
gazipasa_korubasi,38.76,29.44,38.27,82.35,46.71,53.07,24.78,58.33,39.58,60.53,64.58,41.01,94.63,60.75,91.56
gazipasa_kucuklu,16.28,29.44,84.32,82.35,87.61,55.81,24.78,43.75,27.85,44.3,92.93,19.96,84.65,33.99,50.22
gazipasa_macar,57.46,29.44,41.34,82.35,61.51,59.43,24.78,55.92,41.45,50.11,87.61,41.01,95.72,58.22,94.85
gazipasa_muzkent,57.46,29.44,46.49,49.45,69.96,61.4,24.78,56.58,44.41,37.17,87.39,56.63,93.64,48.9,64.25
gazipasa_pazarci,99.89,80.04,35.53,20.39,2.3,40.57,73.14,82.89,87.17,81.91,9.54,78.18,99.67,81.47,95.29
gazipasa_sariagac,45.56,29.44,34.1,35.53,17.43,46.6,66.56,63.16,69.63,68.75,77.58,70.61,98.03,70.72,90.9
gazipasa_sugozu,16.28,29.44,50.99,57.79,74.01,98.36,24.78,42.54,48.25,20.5,59.05,19.96,40.9,20.61,14.8
gazipasa_yakacik,45.56,29.44,69.96,82.35,65.46,82.57,24.78,33.99,54.61,28.62,65.79,19.96,94.3,42.43,48.25
gazipasa_yeni,67.87,77.69,38.38,15.46,15.68,35.09,55.7,84.21,87.94,77.52,40.46,83.55,99.45,85.86,86.07
gazipasa_yeniguney,16.28,29.44,74.78,82.35,90.13,82.89,24.78,33.44,10.53,13.6,40.57,19.96,49.23,1.43,1.43
gazipasa_yenikoy,71.33,29.44,57.46,54.93,91.56,76.75,24.78,42.21,33.99,29.82,89.64,19.96,41.56,20.07,16.45
gazipasa_yesilyurt,16.28,29.44,58.22,82.35,91.67,94.52,24.78,37.83,8.88,2.3,53.95,19.96,43.97,2.41,9.21
gazipasa_zeytinada,16.28,65.3,60.09,52.41,93.42,83.0,24.78,30.92,55.81,24.89,90.63,56.63,85.2,30.48,29.39
gazipasa_cakmak,16.28,29.44,54.39,57.57,77.96,67.87,24.78,36.4,23.36,20.29,47.7,19.96,66.45,8.88,15.02
gazipasa_calipinar,45.56,29.44,45.39,82.35,53.18,51.54,24.78,38.27,41.89,53.51,83.06,19.96,93.75,48.57,68.42
gazipasa_camlica,16.28,29.44,46.82,82.35,71.27,90.13,24.78,24.23,14.69,3.62,29.61,19.96,41.67,3.18,1.43
gazipasa_ciglik,16.28,29.44,53.18,82.35,72.15,95.94,24.78,15.57,15.79,0.99,66.61,19.96,44.3,0.88,3.29
gazipasa_cobanlar,34.48,29.44,49.67,39.69,56.47,63.27,24.78,55.81,49.12,54.17,71.98,49.51,92.98,62.72,96.71
gazipasa_corus,16.28,29.44,72.92,82.35,86.51,81.03,24.78,40.9,9.76,15.68,53.34,19.96,46.16,19.19,13.05
gazipasa_cile,16.28,29.44,78.62,82.35,94.74,86.07,24.78,44.85,11.62,17.0,33.66,19.96,52.63,3.4,3.51
gazipasa_cimenbag,16.28,29.44,54.17,82.35,81.69,62.28,24.78,21.93,14.04,15.57,29.11,19.96,50.22,13.93,7.13
gazipasa_oznurtepe,16.28,29.44,88.05,82.35,86.4,79.93,24.78,36.73,10.42,11.84,27.52,19.96,43.75,2.85,6.47
gazipasa_uckonak,16.28,29.44,56.47,47.7,97.7,62.94,24.78,41.34,36.4,11.29,25.33,19.96,50.11,10.42,5.37
gazipasa_inal,16.28,29.44,78.95,82.35,95.18,92.98,24.78,40.79,8.44,6.03,50.11,19.96,62.61,2.63,10.42
gazipasa_incegiz,16.28,29.44,70.39,82.35,98.14,65.68,24.78,29.17,12.61,26.21,52.96,19.96,54.61,19.08,39.25
gazipasa_istiklal,100.0,82.18,25.55,13.05,20.07,38.71,67.49,84.43,87.72,82.02,26.97,84.81,98.9,89.58,96.6
gundogmus_akyar,57.46,29.44,28.84,82.35,85.2,74.34,24.78,19.52,16.89,8.33,58.11,46.05,21.49,19.46,15.35
alanya_bayir,16.28,29.44,78.4,82.35,88.6,53.73,24.78,16.67,17.65,16.01,57.68,19.96,22.92,3.29,1.43
alanya_bayirkozagaci,16.28,29.44,80.59,82.35,89.47,92.54,24.78,6.03,8.99,4.17,29.61,19.96,25.55,3.84,8.22
gundogmus_bedan,45.56,29.44,20.18,64.47,77.74,95.72,24.78,10.2,14.91,4.39,65.13,19.96,18.97,5.48,9.43
alanya_burcaklar,16.28,29.44,70.18,82.35,83.44,80.59,24.78,34.21,38.71,39.91,64.09,19.96,37.61,40.19,39.91
gundogmus_eskibag,45.56,29.44,62.72,82.35,89.58,84.32,24.78,28.51,26.32,16.89,44.24,19.96,24.45,17.11,8.55
gundogmus_fatih,34.48,68.91,60.96,82.35,78.29,68.42,51.1,59.43,45.29,37.83,96.71,41.01,20.83,51.48,52.63
alanya_gozubuyuk,16.28,29.44,58.88,51.75,76.86,67.43,24.78,31.25,32.57,36.18,70.07,19.96,27.08,39.36,54.39
alanya_gumusgoze,16.28,29.44,77.52,52.19,80.48,79.28,24.78,27.85,32.35,29.17,44.96,19.96,33.44,20.18,18.64
alanya_guney,16.28,29.44,47.59,82.35,80.7,43.53,24.78,35.53,42.76,39.8,77.41,19.96,39.25,44.85,50.33
gundogmus_guneycik,45.56,29.44,79.71,82.35,87.28,77.3,24.78,18.42,27.74,11.18,34.1,19.96,27.85,14.14,17.32
gundogmus_guneyyaka,16.28,29.44,44.74,82.35,80.26,94.41,24.78,6.69,22.7,8.44,23.14,19.96,17.21,2.3,1.43
alanya_guzelbag,57.46,29.44,70.07,82.35,83.0,65.24,24.78,27.41,46.93,25.11,96.6,19.96,24.23,32.13,35.09
gundogmus_kalecik,16.28,29.44,92.76,82.35,85.75,73.14,24.78,31.36,36.95,9.54,19.85,19.96,21.71,29.17,12.06
gundogmus_karabul,16.28,29.44,80.04,82.35,94.08,81.8,24.78,12.06,12.94,13.49,31.52,19.96,20.39,10.64,1.43
gundogmus_karadere,16.28,29.44,69.41,82.35,93.86,96.05,24.78,27.52,19.63,7.68,40.08,19.96,18.09,7.46,1.43
alanya_karakocali,16.28,29.44,13.71,82.35,69.3,88.27,24.78,21.27,31.47,28.95,88.98,19.96,27.3,30.92,31.25
gundogmus_karakoy,16.28,29.44,77.41,82.35,70.5,70.29,24.78,46.6,41.01,21.71,26.64,19.96,23.68,41.34,38.49
alanya_karamanlar,57.46,29.44,87.72,82.35,67.54,70.5,24.78,35.42,30.37,25.55,79.55,19.96,25.66,31.69,13.6
gundogmus_karaisa,16.28,29.44,77.96,82.35,79.61,71.49,24.78,26.43,38.27,18.31,22.7,57.57,21.05,18.2,1.43
gundogmus_kayabuku,45.56,29.44,44.08,82.35,80.92,82.24,24.78,23.36,38.6,5.59,51.54,19.96,20.61,28.18,18.2
gundogmus_kozagaci,16.28,29.44,38.6,82.35,83.88,99.67,24.78,7.02,14.47,2.63,17.38,19.96,16.45,3.95,3.18
gundogmus_koprulu,16.28,29.44,56.91,82.35,97.26,97.37,24.78,23.14,15.68,20.94,72.15,46.05,25.77,20.5,12.28
gundogmus_naragaci,16.28,29.44,81.47,82.35,96.6,89.04,24.78,22.7,20.07,3.84,42.38,19.96,20.07,12.06,3.4
alanya_orhan,16.28,29.44,72.48,82.35,73.36,73.79,24.78,21.49,13.49,33.99,44.68,19.96,26.32,9.32,7.68
gundogmus_ortakonus,16.28,29.44,73.79,82.35,89.25,70.07,24.78,48.14,28.73,9.32,43.26,19.96,23.46,29.39,10.2
gundogmus_ortakoy,45.56,29.44,66.89,82.35,77.08,98.79,24.78,14.8,17.21,5.48,73.14,19.96,18.75,13.27,5.7
gundogmus_pembelik,16.28,29.44,9.32,64.58,68.42,98.68,24.78,9.43,14.58,1.64,25.66,19.96,14.91,4.61,11.29
akseki_pinarbasi,57.46,29.44,86.84,82.35,83.11,97.48,24.78,8.0,21.38,5.92,33.17,19.96,16.56,17.0,5.04
gundogmus_rasih_kaplan,84.48,76.86,96.16,36.07,70.39,94.19,59.43,69.96,66.23,39.69,99.45,70.89,19.74,61.07,53.95
alanya_saburlar,16.28,29.44,73.68,82.35,78.95,76.43,24.78,9.32,9.54,22.04,64.75,19.96,34.43,10.75,25.0
gundogmus_senir,16.28,29.44,79.82,82.35,82.02,59.65,24.78,11.84,24.56,21.05,58.11,19.96,20.94,17.21,24.23
gundogmus_serinyaka,45.56,29.44,92.65,82.35,67.32,87.17,24.78,22.37,49.34,17.76,35.75,19.96,20.29,31.58,24.89
alanya_suleymanlar,45.56,29.44,77.3,82.35,94.52,87.61,24.78,19.08,16.45,22.59,82.84,19.96,26.43,22.86,24.34
gundogmus_umutlu,16.28,29.44,89.14,82.35,92.87,46.38,24.78,20.39,26.86,16.23,75.11,19.96,21.93,32.68,32.13
alanya_yenice,45.56,29.44,56.25,47.92,68.2,63.05,24.78,20.5,39.69,41.56,74.23,19.96,28.18,36.18,35.75
gundogmus_yenikoy,16.28,29.44,67.87,82.35,75.66,86.95,24.78,19.74,14.14,23.25,18.31,19.96,24.67,16.67,7.24
gundogmus_camlialan,34.48,29.44,43.64,82.35,95.5,60.09,24.78,24.12,13.82,30.37,39.69,19.96,24.89,24.56,11.73
gundogmus_cayirozu,16.28,29.44,75.55,55.15,92.54,68.53,24.78,18.64,25.88,8.11,37.45,19.96,20.18,5.26,1.43
gundogmus_cicekoluk,45.56,29.44,76.86,82.35,93.09,86.84,24.78,5.81,25.66,5.7,36.24,19.96,19.52,6.91,5.48
gundogmus_ozugur,67.87,73.14,67.65,41.23,92.32,80.26,59.05,76.21,50.22,47.81,70.72,63.21,19.96,62.83,47.26
kas_ahatli,16.28,29.44,87.94,59.65,67.98,75.33,56.3,25.66,28.62,34.1,55.54,19.96,52.41,37.39,39.69
kas_aklar,57.46,29.44,71.16,82.35,73.57,93.2,24.78,28.95,47.15,19.52,72.48,41.01,41.23,32.89,29.82
kas_akoru,16.28,29.44,88.16,82.35,80.81,83.88,24.78,17.87,27.19,8.22,76.97,19.96,43.64,17.98,14.25
kas_andifli,62.66,88.93,96.93,16.56,57.35,77.74,80.54,73.79,86.51,73.46,12.28,81.8,93.86,69.19,65.02
kas_agullu,36.57,29.44,50.11,26.32,59.65,66.78,78.67,69.52,67.98,62.72,74.67,72.48,55.92,62.39,56.36
kas_bayindir,16.28,29.44,61.84,46.16,55.59,75.55,56.3,61.4,48.79,44.74,86.95,55.65,95.18,48.36,43.42
kas_beldibi,16.28,29.44,94.52,57.68,93.97,87.06,24.78,17.98,28.07,32.02,55.37,19.96,42.43,15.13,16.34
kas_belenli,16.28,29.44,84.43,48.68,70.29,79.71,58.61,31.69,40.9,32.46,92.11,19.96,73.68,41.23,38.71
kas_belkonak,16.28,29.44,69.3,82.35,66.56,63.16,24.78,7.24,3.78,14.69,17.38,19.96,60.2,5.7,19.96
kas_bezirgan,32.89,63.32,36.95,43.97,52.63,66.23,66.45,62.17,64.58,59.21,46.16,73.41,50.66,52.96,46.16
kas_sahil_barak,16.28,29.44,51.75,82.35,62.94,57.89,24.78,36.07,37.94,17.43,45.07,19.96,90.57,40.19,45.39
kas_cemre,16.28,29.44,42.21,61.95,84.43,82.13,24.78,7.35,17.98,26.64,56.69,19.96,35.86,18.31,13.93
kas_dere,16.28,29.44,78.84,82.35,81.91,81.36,24.78,29.39,26.54,12.39,41.89,19.96,50.88,14.58,25.44
kas_dogantas,16.28,29.44,52.3,82.35,76.64,84.1,24.78,10.75,46.16,13.82,92.27,46.05,39.04,37.61,33.33
kas_dirgenler,57.46,29.44,32.02,58.44,48.46,16.45,54.55,27.3,35.31,37.06,80.81,49.51,88.71,47.7,63.49
kas_gelemis,16.28,60.03,92.87,31.47,49.34,60.86,51.1,59.32,70.29,49.23,89.47,49.51,95.83,56.47,52.41
kas_gokceyazi,16.28,29.44,70.61,82.35,68.97,74.89,24.78,19.96,10.64,17.98,35.03,19.96,48.68,15.41,33.22
kas_gokceoren,57.46,74.56,82.57,60.86,76.43,77.96,65.79,52.74,57.24,40.35,59.98,46.05,53.07,45.61,44.19
kas_gursu,16.28,29.44,53.84,82.35,77.63,69.63,24.78,16.56,25.77,16.67,44.52,57.57,41.01,28.84,16.56
kas_hacioglan,16.28,29.44,72.81,82.35,73.14,85.42,24.78,17.43,8.55,18.09,61.02,19.96,47.7,9.1,23.14
kas_kalkan,73.36,87.94,57.24,14.25,59.76,61.84,72.81,79.5,91.12,78.29,29.28,93.53,95.29,78.29,81.25
kas_karadag,16.28,29.44,58.44,50.11,61.84,57.57,24.78,17.32,15.9,26.1,75.44,49.51,52.19,39.14,49.23
kas_kasaba,45.56,66.67,77.63,37.72,46.38,20.72,24.78,40.24,59.43,37.28,59.76,68.86,87.17,55.59,57.89
kas_kemer,45.56,29.44,64.25,82.35,78.51,88.05,24.78,10.42,47.37,27.63,92.27,19.96,40.79,17.43,24.67
kas_kinik,84.76,67.76,41.89,34.1,15.35,32.68,72.97,62.83,70.61,63.49,20.83,75.44,96.82,72.59,83.22
kas_kizilagac,16.28,29.44,54.82,82.35,67.0,47.26,24.78,8.22,3.78,22.37,48.3,19.96,60.64,15.79,34.65
kas_ova,68.97,68.42,48.9,39.25,1.86,46.82,67.21,61.29,69.96,55.15,22.04,75.77,99.12,69.96,78.95
kas_palamut,45.56,29.44,84.76,58.0,50.33,48.79,24.78,21.82,37.39,42.54,75.77,46.05,88.38,41.06,43.64
kas_pinarbasi,16.28,29.44,90.35,38.27,97.37,79.17,65.41,61.18,60.86,48.79,46.98,49.51,52.85,46.49,27.19
kas_sahilkilincli,16.28,29.44,91.78,60.75,60.64,63.93,24.78,20.61,46.49,8.77,56.3,19.96,89.36,25.11,48.57
kas_saribelen,45.56,68.91,54.06,54.61,66.89,78.18,51.1,53.29,51.75,41.23,79.39,19.96,51.32,42.21,34.21
kas_sarilar,16.28,65.3,62.83,40.02,50.0,66.12,51.1,28.18,30.04,25.77,44.68,19.96,51.86,30.59,40.46
kas_sutlegen,71.33,29.44,91.34,47.26,72.26,89.8,56.3,38.38,53.73,34.76,88.49,49.51,40.35,42.05,34.1
kas_sinneli,16.28,29.44,75.33,82.35,69.63,88.49,24.78,12.28,17.87,7.24,32.4,52.52,46.71,10.31,15.13
kas_ugrar,16.28,29.44,63.93,46.6,48.36,16.89,24.78,39.58,39.25,38.05,85.42,19.96,86.51,44.41,51.64
kas_yaylapalamut,16.28,29.44,35.31,63.71,86.73,92.11,24.78,5.37,18.2,16.34,50.6,19.96,38.82,14.36,22.48
kas_yenikoy,16.28,29.44,65.46,53.84,66.34,82.46,24.78,27.08,34.1,34.21,35.53,19.96,53.4,30.26,26.86
kas_yesilbarak,16.28,29.44,23.57,58.66,89.04,58.0,24.78,16.45,9.43,32.13,86.02,19.96,33.55,21.27,44.85
kas_yesilkoy,63.43,74.89,70.72,32.57,36.84,57.46,65.08,58.11,69.41,56.25,27.36,72.04,95.07,64.69,61.84
kas_yuvacik,16.28,29.44,78.51,82.35,77.19,98.03,24.78,15.68,20.61,9.65,58.77,46.05,42.21,3.62,8.44
kas_camlikoy,16.28,29.44,89.91,82.35,80.37,89.36,24.78,15.79,11.51,22.26,42.76,19.96,38.93,7.89,12.17
kas_camliova,16.28,29.44,75.99,82.35,72.37,98.25,24.78,15.02,18.53,7.89,42.65,19.96,43.42,16.78,22.7
kas_cataloluk,16.28,29.44,67.0,56.03,73.03,68.86,24.78,11.51,10.75,12.94,35.96,19.96,46.27,4.39,6.36
kas_cavdir,53.45,65.84,33.33,35.31,47.92,54.93,24.78,52.19,62.28,55.04,28.62,65.46,85.09,61.51,70.5
kas_caykoy,57.46,29.44,40.24,42.32,43.86,55.15,24.78,50.66,57.13,56.14,63.71,55.65,88.27,56.91,62.94
kas_cerler,16.28,29.44,62.17,82.35,62.06,65.46,24.78,12.17,3.78,28.07,28.23,19.96,48.14,7.02,25.77
kas_cukurbag,16.28,29.44,55.92,48.36,64.8,66.56,51.1,52.96,54.5,45.94,98.79,53.78,54.82,40.68,36.95
kas_uzumlu,57.46,66.67,64.8,51.43,57.24,91.67,24.78,54.5,63.05,45.07,66.89,68.86,45.39,41.56,30.37
kas_ikizce,38.76,29.44,63.05,54.39,71.93,88.71,24.78,25.33,33.55,36.4,45.45,19.96,46.05,28.62,24.56
kas_islamlar,53.45,65.84,85.75,39.04,87.06,91.56,49.89,55.37,67.32,51.32,39.47,76.64,47.04,51.21,42.54
kemer_beycik,16.28,29.44,93.09,61.29,88.93,92.0,54.55,45.94,59.87,25.44,92.0,19.96,37.06,31.36,38.05
kemer_kuzdere,32.68,64.86,98.57,38.05,64.36,85.64,62.94,62.06,59.21,41.45,17.65,72.26,34.1,50.82,45.83
kemer_kiris,69.57,81.58,93.31,25.99,29.5,58.66,76.64,72.81,75.0,72.92,67.65,78.73,89.47,72.37,64.47
kemer_ovacik,16.28,29.44,96.6,63.82,90.79,84.76,54.55,49.56,47.59,20.83,33.0,19.96,28.07,32.35,18.31
kemer_tekirova,45.56,74.45,99.67,42.54,58.0,79.06,84.87,45.72,71.27,40.02,36.07,78.62,36.95,53.51,53.84
kemer_ulupinar,63.43,29.44,98.9,39.8,62.61,67.65,57.57,50.99,72.7,31.36,77.74,71.93,44.08,42.98,23.46
kemer_camyuva,68.48,78.51,99.01,27.3,35.31,50.77,85.75,69.41,77.19,71.82,20.18,87.77,88.49,70.61,62.5
kepez_ahatli,83.11,89.91,97.92,17.54,40.68,13.93,91.56,81.03,82.89,85.75,2.96,86.62,56.25,78.95,54.06
kepez_aktoprak,72.37,79.93,97.37,25.77,44.41,9.76,88.27,69.08,74.78,70.39,4.93,82.68,40.13,72.26,81.47
kepez_altiayak,38.76,29.44,39.47,16.89,22.15,4.61,93.48,72.26,69.85,74.23,33.88,72.37,51.1,79.61,98.79
kepez_altinova_duden,52.58,71.05,6.47,19.85,15.13,18.09,98.9,81.58,76.86,80.81,37.61,83.88,58.33,84.98,97.37
kepez_altinova_orta,68.26,76.97,31.47,11.18,9.21,5.7,91.17,87.5,83.55,87.39,15.57,87.23,60.42,86.07,99.23
kepez_altinova_sinan,68.75,90.02,18.75,11.4,9.43,11.07,97.64,82.02,91.01,86.18,20.61,95.18,62.06,86.4,98.9
kepez_ataturk,91.83,82.18,20.83,10.86,30.92,12.83,88.93,95.61,87.28,93.31,14.8,81.47,54.06,91.12,89.8
kepez_avni_tolunay,77.8,73.14,66.45,8.66,27.63,30.48,83.72,84.87,79.93,83.0,37.17,71.33,69.85,83.88,93.53
kepez_ayanoglu,77.8,82.18,26.64,11.29,20.61,1.86,95.12,88.27,86.84,87.94,5.81,93.91,50.77,88.6,96.16
kepez_aydogmus,51.37,77.96,81.8,17.98,31.14,9.1,96.71,80.59,81.25,81.69,4.28,84.21,44.74,82.89,94.19
kepez_baraj,91.83,63.98,61.51,12.06,14.47,3.18,97.15,85.86,79.5,86.62,11.4,91.83,57.79,84.32,89.04
kepez_baris,91.83,85.75,23.46,6.47,50.99,6.25,94.52,94.08,82.68,89.8,15.9,76.32,49.56,90.35,90.24
kepez_beskonaklilar,91.83,80.87,25.66,11.62,13.82,12.17,87.06,86.73,80.48,89.58,37.28,66.01,60.75,85.2,81.14
kepez_demirel,77.8,89.14,57.13,15.79,13.49,3.51,89.53,87.06,80.81,84.43,23.9,77.63,50.0,85.42,94.3
kepez_duaci,70.83,74.01,98.46,30.15,28.4,21.05,87.34,70.94,67.54,69.52,38.38,64.2,33.22,66.45,61.73
kepez_dudenbasi,91.83,79.55,23.03,8.99,24.23,18.75,91.17,95.94,87.83,98.79,3.4,90.79,61.62,92.11,75.99
kepez_emek,91.83,88.21,18.2,6.14,12.72,14.14,83.72,97.81,91.45,98.57,10.86,84.81,61.51,96.82,75.44
kepez_erenkoy,91.83,93.04,30.48,6.8,62.5,7.35,93.09,91.89,90.46,90.13,6.91,91.83,49.12,92.54,93.75
kepez_esentepe,91.83,79.55,32.57,13.93,54.93,14.36,92.54,89.36,83.77,85.64,16.67,81.47,45.18,87.94,85.86
kepez_fabrikalar,91.83,84.1,80.26,5.15,24.78,12.94,95.12,88.93,94.41,96.16,12.06,89.42,60.96,89.14,86.18
kepez_fatih,77.8,84.1,78.18,13.6,48.25,12.28,91.89,89.69,82.57,84.76,21.93,77.63,45.61,86.62,53.4
aksu_fettahli,87.77,29.44,33.22,25.11,29.28,11.95,77.47,65.46,69.08,65.79,72.26,64.69,53.84,74.01,93.97
kepez_fevzi_cakmak,83.11,76.54,79.93,18.75,47.26,2.74,98.25,82.79,83.33,85.09,6.14,93.64,44.63,81.91,83.0
kepez_gazi,91.83,91.12,9.54,14.47,24.01,3.29,92.54,94.96,84.1,90.57,5.48,88.32,53.18,90.68,97.7
kepez_gaziler,53.45,71.6,35.42,21.49,18.42,5.26,87.5,66.01,69.52,69.63,30.48,76.1,51.21,77.8,97.26
kepez_goksu,91.83,87.83,40.13,16.01,6.47,20.29,96.93,86.51,84.98,89.14,12.39,91.83,63.05,83.33,93.31
kepez_gocerler,52.08,97.26,95.72,22.92,52.41,12.5,96.38,82.57,81.03,80.26,12.72,79.17,40.02,76.1,82.89
kepez_gulveren,98.96,75.66,18.31,10.53,23.36,22.7,91.89,98.46,93.86,91.78,20.07,86.24,69.74,93.53,51.32
kepez_gundogdu,96.87,75.66,19.52,6.58,36.18,10.2,86.07,98.14,92.87,97.48,4.5,93.09,55.7,94.85,40.79
kepez_gunes,91.83,95.29,10.75,7.79,18.64,4.93,97.42,97.59,93.09,97.15,2.08,99.56,59.87,91.28,87.06
kepez_habibler,91.83,90.68,68.2,12.5,31.8,2.19,97.86,87.83,85.64,88.6,1.86,95.45,53.95,87.61,95.61
kepez_husnu_karakas,96.87,97.15,53.4,12.28,13.6,2.41,98.08,89.58,88.49,91.12,1.75,97.53,57.35,88.82,99.01
kepez_kanal,91.83,85.75,14.36,8.77,33.0,8.55,91.89,93.64,89.91,92.98,8.0,85.53,53.62,90.57,56.03
kepez_karsiyaka,77.8,88.54,19.3,8.33,27.08,13.71,83.72,97.48,88.05,97.92,3.95,92.65,60.53,93.42,48.79
kepez_kazim_karabekir,77.8,75.66,16.89,82.35,99.89,19.52,87.88,89.47,74.89,86.95,54.28,66.01,42.32,87.5,88.27
kepez_kepez,40.3,86.18,40.46,11.73,43.09,24.34,95.61,83.66,79.82,86.51,7.89,71.6,45.5,81.69,72.7
kepez_kizilli,45.56,29.44,48.14,56.25,26.21,17.0,71.93,38.71,21.93,45.18,69.41,19.96,32.35,37.17,45.5
kepez_kuzeyyaka,98.96,97.48,5.26,8.22,19.96,8.66,93.8,94.74,90.24,91.45,1.1,93.09,53.29,96.6,86.95
kepez_kultur,77.8,96.93,37.5,8.44,50.55,13.6,93.8,96.49,98.79,98.14,3.51,95.67,64.58,96.38,4.82
kepez_kutukcu,83.83,70.72,81.91,14.58,68.53,3.73,93.48,84.65,80.59,83.11,11.51,81.69,49.01,82.46,92.87
kepez_kirisciler,57.46,29.44,58.66,34.65,22.26,1.21,66.94,59.98,52.3,61.84,68.31,49.51,33.33,56.25,54.61
kepez_mehmet_akif_ersoy,91.83,91.12,20.5,5.92,13.71,6.03,90.52,95.07,88.38,99.89,5.59,93.91,59.1,89.91,74.67
kepez_menderes,88.49,63.98,38.05,18.97,11.95,8.77,99.23,81.14,76.21,78.62,42.54,78.51,57.68,82.13,98.36
kepez_odabasi,66.61,66.67,18.42,29.28,10.09,0.55,78.29,64.47,64.91,71.16,62.61,65.13,31.8,60.14,56.47
kepez_santral,51.37,72.64,51.1,27.63,52.74,45.61,74.89,70.72,74.23,75.99,63.6,61.95,45.29,72.92,61.18
kepez_sutculer,99.73,88.21,28.29,9.54,24.67,3.95,93.31,94.3,90.02,96.93,8.66,89.42,56.58,93.2,95.39
kepez_teomanpasa,96.87,96.66,1.64,5.04,18.97,16.78,92.54,90.9,93.53,99.56,1.32,96.27,61.29,97.37,22.59
kepez_ulus,77.8,89.04,12.83,4.28,52.08,33.88,87.06,92.76,95.72,98.03,6.58,95.45,59.65,97.04,1.43
kepez_varsak_esentepe,77.8,61.4,18.09,14.36,24.45,5.92,95.12,83.11,76.64,79.28,47.37,74.78,49.45,84.65,93.42
kepez_varsak_karsiyaka,85.69,72.64,71.05,20.18,54.06,7.68,95.5,78.29,80.92,82.89,5.37,91.12,44.96,82.68,95.07
kepez_varsak_menderes,32.89,65.84,94.08,29.93,37.5,33.55,67.76,63.71,60.75,64.69,49.89,61.84,40.57,62.28,59.54
kepez_yavuz_selim,77.8,70.72,76.54,17.43,99.78,4.5,91.17,86.07,78.51,83.77,55.76,76.32,42.54,82.79,80.15
kepez_yeni,96.87,95.12,25.44,8.88,23.9,11.29,94.52,100.0,92.54,99.78,7.02,91.83,58.55,94.19,1.43
kepez_yeni_dogan,91.83,90.41,21.6,5.59,31.58,13.16,95.94,98.03,94.08,92.76,12.17,93.09,58.44,90.9,74.34
kepez_yeni_emek,91.83,93.42,14.47,8.55,38.93,6.8,95.39,94.63,91.67,95.18,6.8,89.42,55.59,92.43,50.66
kepez_yesiltepe,77.8,98.46,15.02,3.84,26.75,22.04,92.54,91.56,91.56,95.5,10.58,90.13,55.81,95.07,68.64
kepez_yesilyurt,77.8,94.74,30.15,6.36,23.03,21.38,90.52,92.65,91.34,90.46,10.09,90.13,65.79,94.46,59.76
kepez_yukselis,91.83,91.72,12.28,2.08,43.53,15.35,83.72,98.36,95.07,95.83,12.61,79.55,59.98,97.59,1.43
kepez_zafer,77.8,93.97,14.8,7.13,65.02,26.97,93.09,95.39,96.05,93.86,16.12,86.24,56.14,94.08,81.36
kepez_zeytinlik,64.47,77.36,22.7,18.31,12.83,5.81,98.41,76.86,72.15,74.56,23.03,84.81,54.39,83.61,98.68
kepez_camlibel,91.83,75.66,55.37,9.43,36.4,16.56,82.13,90.79,84.65,88.49,11.62,82.18,48.25,87.28,76.86
kepez_camlica,38.76,29.44,55.7,40.79,25.88,5.59,70.83,54.06,60.64,58.55,79.77,64.47,36.4,56.91,54.82
kepez_cankaya,95.29,80.87,85.31,20.61,59.21,22.81,99.45,82.35,82.46,84.21,5.04,79.82,37.5,78.78,81.91
kepez_ozgurluk,98.96,93.04,1.54,2.19,60.42,33.11,86.07,90.24,92.21,96.49,7.79,89.42,57.24,97.2,31.36
kepez_unsal,37.39,73.46,83.22,17.65,32.89,39.36,88.43,75.11,80.26,76.32,6.25,76.97,51.97,74.67,86.51
kepez_safak,87.45,88.05,46.27,1.54,36.73,10.42,98.79,85.96,92.32,84.65,3.07,96.49,59.21,88.05,71.6
kepez_selale,83.11,82.95,81.03,16.34,22.59,3.07,99.56,83.77,81.69,82.35,4.61,96.77,52.74,83.61,91.67
konyaalti_akdamlar,40.02,29.44,77.19,36.51,56.14,54.5,77.63,68.2,71.49,50.99,83.44,60.91,46.49,60.31,60.2
konyaalti_akkuyu,91.83,84.1,52.85,17.21,10.96,31.91,88.93,90.02,86.18,87.61,25.55,69.52,77.63,82.24,75.33
konyaalti_altinkum,82.07,92.43,64.36,3.18,38.27,37.83,95.12,86.84,99.45,89.69,14.04,81.91,79.39,92.21,71.16
konyaalti_arapsuyu,91.83,96.49,79.61,6.69,12.06,33.33,94.52,90.35,97.59,94.08,19.08,88.87,79.28,94.46,81.69
konyaalti_aydinlik,38.76,63.98,42.87,13.82,7.57,13.38,87.88,76.1,75.77,70.83,84.27,43.91,73.14,73.36,66.67
konyaalti_asagikaraman,45.56,29.44,94.74,31.58,38.82,44.08,79.39,59.65,56.14,56.91,60.64,41.01,50.55,54.93,63.6
konyaalti_bahtili,38.76,70.07,56.14,20.29,9.87,50.0,94.85,75.0,75.11,69.41,69.19,75.16,73.9,67.71,63.27
konyaalti_demircilik,62.12,29.44,39.91,23.57,32.79,1.75,78.67,77.19,68.97,69.3,54.17,43.91,71.82,70.94,75.11
konyaalti_doyran,16.28,65.3,95.94,59.54,76.54,67.54,54.55,27.63,30.7,27.3,97.48,46.05,16.67,27.85,44.08
konyaalti_doyran_dag,38.76,74.67,71.27,82.35,41.67,53.29,66.72,73.36,70.07,65.68,88.16,51.7,58.22,68.86,77.63
konyaalti_doyran_camlibel,85.31,71.98,61.62,33.11,40.79,46.49,80.54,70.83,70.83,66.67,84.1,66.5,62.28,74.78,70.07
konyaalti_geyikbayiri,57.46,29.44,90.46,55.92,90.57,83.55,60.14,51.43,60.96,42.11,99.12,52.52,17.54,42.54,40.24
konyaalti_gokdere,16.28,29.44,88.27,33.44,51.64,54.71,24.78,49.78,61.18,42.43,24.73,19.96,47.15,39.47,38.38
konyaalti_gokcam,36.57,67.27,80.48,82.35,45.94,54.17,71.27,64.14,52.85,51.64,83.06,42.54,56.91,56.58,61.51
konyaalti_gursu,87.45,92.16,88.6,12.61,7.68,43.86,97.15,88.05,95.5,86.07,5.26,94.19,80.92,89.25,89.25
konyaalti_hacisekililer,45.56,71.33,94.19,46.49,70.61,64.47,85.53,57.46,65.02,31.91,95.39,56.63,19.08,47.59,51.21
konyaalti_hurma,77.8,95.39,95.83,17.11,14.91,41.67,98.41,86.95,88.82,85.96,0.55,98.68,78.4,85.53,96.27
konyaalti_karatepe,51.37,29.44,86.95,82.35,12.28,44.85,83.72,74.23,67.87,67.87,86.62,69.52,71.49,73.25,84.1
konyaalti_kir,88.49,70.07,67.43,29.06,35.64,36.51,80.21,77.3,71.82,67.32,94.52,61.29,66.56,78.62,86.4
konyaalti_kurucay,38.76,63.98,72.59,20.07,0.55,19.74,76.97,78.51,74.12,71.05,37.45,66.01,74.23,74.89,77.3
konyaalti_kuskavagi,85.31,87.28,57.02,8.0,14.36,29.5,93.8,87.28,94.85,89.47,36.62,75.55,80.37,86.73,66.23
konyaalti_molla_yusuf,96.87,97.7,68.97,22.15,6.14,32.46,89.53,85.31,85.53,87.28,7.57,83.22,76.64,82.35,96.49
konyaalti_pinarbasi,91.83,99.34,85.64,14.69,18.53,34.87,99.34,89.14,94.74,91.23,1.64,92.65,74.78,86.95,95.83
konyaalti_sarisu,84.87,90.57,90.13,21.71,25.44,40.68,86.62,75.66,83.44,78.95,14.91,79.93,70.83,76.21,83.77
konyaalti_suicecek,40.02,61.4,63.82,30.7,42.87,35.75,77.85,65.79,69.74,55.48,80.1,51.26,45.07,60.42,58.77
konyaalti_siteler,91.83,91.12,90.02,12.39,28.95,34.43,97.15,98.25,89.8,90.9,3.18,91.83,74.89,91.67,94.74
konyaalti_toros,77.8,92.16,49.34,7.68,17.98,28.84,91.89,96.38,92.11,92.11,11.18,90.13,78.18,91.94,91.34
konyaalti_uluc,91.83,88.54,82.79,10.42,8.66,38.27,82.13,92.54,88.27,88.27,17.11,77.63,78.62,88.49,83.99
konyaalti_uncali,96.87,84.1,82.02,13.71,4.06,32.57,96.38,88.49,88.71,89.04,1.97,86.73,78.07,89.75,99.45
konyaalti_yarbascandir,16.28,29.44,82.46,82.35,84.32,60.31,76.54,39.04,38.49,29.39,82.84,19.96,23.79,34.1,25.11
konyaalti_yeni,91.83,29.44,55.26,23.25,28.51,27.52,68.53,73.57,68.42,65.57,67.54,51.7,69.08,76.32,94.08
konyaalti_zumrut,61.24,61.4,82.24,30.81,4.39,49.67,74.67,66.34,66.78,70.5,62.83,57.07,77.52,58.55,57.35
konyaalti_cakirlar,38.76,74.34,73.57,30.59,32.02,31.58,84.98,65.9,70.18,64.14,71.98,70.12,60.86,62.94,58.11
konyaalti_caglarca,38.76,29.44,97.59,52.74,96.27,81.58,70.83,65.13,57.68,43.31,75.33,53.78,18.2,48.03,36.29
konyaalti_citdibi,16.28,29.44,60.64,82.35,94.41,75.0,57.57,11.29,26.64,19.3,22.42,19.96,21.16,6.36,6.03
konyaalti_ogretmenevleri,96.87,98.96,80.92,9.1,32.13,42.11,94.52,92.0,93.42,88.05,13.38,90.13,78.84,93.09,82.35
konyaalti_ucoluk,57.46,29.44,52.63,82.35,85.86,74.12,58.61,55.04,31.69,32.24,54.77,46.05,25.99,32.35,16.23
korkuteli_akyar,57.46,29.44,6.58,55.59,47.48,18.86,56.3,34.43,50.55,34.54,98.9,56.63,7.24,44.08,41.67
korkuteli_alaaddin,34.48,29.44,12.72,82.35,41.78,44.3,24.78,54.82,49.56,61.29,83.88,41.01,7.24,52.03,40.9
korkuteli_asagipazar,73.36,64.58,95.61,30.92,51.97,61.51,49.67,71.49,68.31,73.03,19.63,74.18,7.24,71.22,72.04
korkuteli_bahceyaka,16.28,29.44,4.06,82.35,43.97,53.62,24.78,44.3,23.79,32.68,39.69,66.01,7.24,42.87,41.01
korkuteli_bayat,57.46,29.44,3.18,51.54,26.54,2.63,24.78,35.75,30.26,42.76,48.9,19.96,7.24,41.45,55.7
korkuteli_bayatbademleri,16.28,29.44,88.49,62.5,67.21,56.8,60.14,36.84,32.13,36.29,74.95,46.05,7.24,39.8,34.87
korkuteli_begis,16.28,29.44,5.48,82.35,45.83,22.15,58.61,19.85,21.49,15.46,23.52,19.96,15.46,15.24,4.93
korkuteli_bozova,57.46,69.57,5.81,56.69,44.19,4.17,63.54,44.74,59.1,44.41,87.94,19.96,7.24,46.93,37.5
korkuteli_buyukkoy,45.56,29.44,1.86,60.31,44.85,0.33,24.78,26.64,23.25,36.62,74.01,41.01,7.24,35.86,36.62
korkuteli_derekoy,57.46,29.44,41.56,61.4,66.45,62.72,24.78,7.89,18.75,17.21,82.13,49.51,7.24,31.25,20.61
korkuteli_duraliler,16.28,29.44,14.58,82.35,64.14,19.85,24.78,4.61,3.78,21.49,34.38,19.96,15.9,0.99,12.72
korkuteli_esenyurt,16.28,29.44,40.68,82.35,53.73,50.55,24.78,5.92,11.29,37.5,86.29,19.96,7.24,22.59,32.24
korkuteli_garipce,16.28,29.44,15.57,49.23,33.33,18.53,24.78,6.36,12.5,27.08,61.35,19.96,7.24,24.78,28.51
korkuteli_gocerler,16.28,29.44,10.53,82.35,74.34,18.97,24.78,1.54,23.68,30.48,30.76,19.96,7.24,24.89,37.17
korkuteli_kevzer,73.36,29.44,11.07,48.79,61.29,24.89,24.78,20.83,15.13,33.44,97.37,19.96,7.24,40.02,36.84
korkuteli_guzle,16.28,29.44,53.07,82.35,71.71,45.94,24.78,9.76,7.68,18.2,46.71,19.96,14.8,3.73,11.18
elmali_haciyusuflar,16.28,29.44,20.94,56.8,83.99,52.63,24.78,0.77,10.31,10.2,24.73,19.96,17.11,2.19,3.84
korkuteli_karabayir,16.28,29.44,6.91,82.35,67.11,12.61,24.78,4.17,3.78,19.85,28.4,19.96,7.24,6.8,17.98
korkuteli_karakuyu,16.28,29.44,23.25,82.35,41.34,37.39,24.78,2.3,3.78,31.69,51.37,19.96,7.24,16.34,29.28
korkuteli_karatas,16.28,29.44,17.21,55.81,30.59,49.56,24.78,15.46,24.67,40.9,43.59,19.96,7.24,34.76,46.93
korkuteli_kargalik,34.48,60.03,45.94,48.14,55.48,46.05,63.54,63.6,40.68,50.77,74.56,43.91,7.24,52.52,42.21
korkuteli_kargin,16.28,29.44,37.06,82.35,29.71,24.78,24.78,20.07,22.15,26.75,37.94,19.96,7.24,25.77,24.78
korkuteli_karsiyaka,77.8,76.54,29.06,82.35,36.51,46.93,68.53,85.75,76.54,85.53,36.84,76.32,7.24,84.43,77.41
korkuteli_kayabas,45.56,29.44,34.76,82.35,73.25,70.94,24.78,50.22,29.17,32.89,74.4,52.52,7.24,32.79,55.04
korkuteli_kemeragzi,16.28,29.44,8.55,82.35,25.22,26.86,24.78,12.83,3.78,36.07,34.1,19.96,7.24,13.49,23.03
korkuteli_kirkpinar,66.61,29.44,7.13,82.35,51.75,46.16,24.78,9.87,19.85,16.56,69.63,19.96,7.24,27.74,27.08
korkuteli_kizilaliler,16.28,29.44,1.75,82.35,39.8,25.66,24.78,14.58,31.8,29.71,42.98,19.96,7.24,24.12,28.07
korkuteli_kizilcadag,34.48,29.44,7.89,82.35,46.82,40.02,56.3,18.86,34.32,33.11,52.3,46.05,7.24,38.82,33.66
korkuteli_kozagaci,45.56,29.44,23.9,82.35,55.15,37.61,24.78,14.36,28.84,24.34,79.22,55.65,15.02,29.06,35.96
korkuteli_koseler,16.28,29.44,24.34,82.35,21.05,30.26,24.78,21.05,16.12,33.33,31.14,19.96,7.24,39.58,47.59
korkuteli_kucukkoy,70.39,29.44,2.63,60.09,45.5,0.88,24.78,14.14,29.61,39.14,43.86,47.92,7.24,41.67,36.18
korkuteli_kiremitli,77.8,96.82,17.0,3.73,18.75,51.86,58.06,88.6,96.71,95.29,26.32,98.36,7.24,98.25,95.72
korkuteli_leylek,16.28,29.44,9.76,82.35,31.03,7.89,24.78,2.96,3.78,27.74,35.53,19.96,7.24,15.41,27.85
korkuteli_mamatlar,16.28,29.44,15.46,57.13,54.61,17.32,51.1,15.13,24.45,18.64,48.03,19.96,7.24,34.32,27.3
korkuteli_manay,16.28,29.44,3.62,82.35,29.17,43.2,24.78,13.38,14.36,15.24,48.3,19.96,7.24,20.29,22.26
korkuteli_nebiler,16.28,62.83,13.16,82.35,91.01,37.72,24.78,0.33,8.11,10.86,29.11,19.96,7.24,8.22,18.75
korkuteli_osmankalfalar,16.28,29.44,7.79,82.35,40.57,46.71,24.78,3.18,3.78,15.9,55.15,19.96,7.24,11.62,23.36
korkuteli_sogutcuk,16.28,29.44,40.9,54.5,62.83,41.23,70.23,53.84,43.2,38.82,40.84,19.96,7.24,46.6,31.14
korkuteli_sulekler,83.83,29.44,55.81,82.35,71.82,69.52,24.78,48.79,28.18,33.0,82.57,63.38,7.24,48.14,41.34
korkuteli_tatkoy,57.46,29.44,27.3,53.4,57.02,27.74,58.61,41.45,52.08,36.73,93.97,41.01,7.24,45.39,33.99
korkuteli_taskesigi,57.46,29.44,26.86,62.39,57.79,55.59,24.78,8.55,16.56,16.12,95.29,19.96,7.24,25.99,29.17
korkuteli_simandir,34.48,29.44,54.5,61.73,63.71,35.96,24.78,17.0,17.43,19.63,91.83,19.96,7.24,23.14,20.94
korkuteli_uzunoluk,51.37,86.62,52.41,27.41,41.23,13.49,54.55,67.65,68.09,73.36,11.84,78.4,7.24,68.2,62.72
korkuteli_yakakoy,16.28,29.44,10.96,82.35,33.22,7.24,24.78,2.41,3.78,20.72,38.49,19.96,7.24,13.71,28.29
korkuteli_yazir,45.56,62.83,56.8,62.06,56.36,42.21,60.14,26.32,29.71,32.79,62.99,52.52,7.24,36.07,39.36
korkuteli_yeleme,69.57,29.44,20.07,82.35,59.1,65.35,24.78,8.33,24.34,36.95,43.59,19.96,7.24,35.64,28.84
korkuteli_yelten,45.56,29.44,45.61,54.82,59.43,48.57,24.78,18.2,33.88,39.25,53.84,46.05,7.24,39.04,41.23
korkuteli_yeni,87.45,77.19,33.77,24.67,29.39,31.25,71.16,78.18,78.4,83.44,18.42,82.57,7.24,78.78,77.74
korkuteli_yesiloba,16.28,29.44,2.96,82.35,30.48,14.91,24.78,7.13,10.09,24.78,29.61,19.96,7.24,17.65,35.31
korkuteli_yesilyayla,57.46,66.67,48.25,49.89,56.25,56.91,24.78,37.39,50.33,38.71,64.25,62.5,7.24,43.91,42.65
korkuteli_yukarikaraman,16.28,29.44,31.36,82.35,79.93,47.48,24.78,11.4,23.57,23.03,33.77,19.96,7.24,25.27,18.86
korkuteli_caykenari,16.28,29.44,8.66,52.85,28.07,12.39,24.78,15.9,47.26,34.43,71.71,49.51,7.24,35.96,27.52
korkuteli_civgalar,16.28,29.44,18.86,82.35,73.46,71.82,24.78,49.34,3.78,17.11,22.7,19.96,15.35,8.77,28.4
korkuteli_comakli,57.46,29.44,36.84,59.1,51.43,56.36,24.78,3.4,15.35,21.27,90.95,19.96,7.24,29.82,32.68
korkuteli_cukurca,16.28,29.44,9.1,55.04,34.32,10.64,24.78,1.43,11.07,41.12,9.21,19.96,7.24,37.06,66.45
korkuteli_imrahor,45.56,29.44,41.78,41.34,41.01,26.21,58.61,57.89,61.62,65.24,61.95,67.87,7.24,55.7,47.81
kumluca_adrasan,16.28,71.33,98.79,37.17,55.92,62.83,57.57,43.64,75.22,43.42,40.35,73.9,87.06,54.11,48.9
finike_akcaalan,16.28,29.44,41.23,82.35,89.36,89.69,24.78,21.38,10.86,1.21,20.34,19.96,36.29,10.96,10.53
kumluca_altinyaka,57.46,29.44,74.34,82.35,85.53,96.38,24.78,24.78,22.37,16.45,56.09,19.96,35.53,13.6,5.26
kumluca_baglik,91.83,89.69,43.31,10.09,11.73,48.68,87.88,87.61,88.16,83.55,17.76,97.53,96.38,87.83,97.48
kumluca_belen,16.28,29.44,84.1,51.1,98.9,59.76,54.55,47.15,45.83,48.9,81.36,46.05,43.2,40.79,43.2
kumluca_beykonak,82.73,72.92,40.57,29.61,17.87,52.85,73.57,67.87,67.11,68.42,24.23,80.26,95.94,73.03,72.26
kumluca_besikci,16.28,29.44,87.5,39.36,60.96,63.38,60.91,57.57,48.9,52.74,90.63,60.42,91.01,51.75,47.48
kumluca_buyukalan,16.28,29.44,38.82,82.35,91.23,77.41,24.78,7.46,7.79,6.25,49.67,19.96,25.22,4.28,12.61
kumluca_cumhuriyet,96.87,69.24,59.65,22.04,20.5,28.4,87.06,84.98,75.44,77.08,52.41,80.59,94.96,80.92,65.24
kumluca_derekoy,16.28,29.44,24.23,82.35,84.21,54.39,24.78,26.75,3.78,6.36,37.94,19.96,20.72,4.17,9.54
kumluca_ellinci_yil,51.37,29.44,42.0,82.35,42.0,57.24,52.74,60.09,53.29,69.74,72.37,19.96,93.97,59.76,66.89
kumluca_erentepe,16.28,29.44,49.78,48.57,88.27,57.13,24.78,33.88,12.72,41.78,99.34,19.96,54.5,18.53,22.04
kumluca_eskicami,77.8,82.18,26.75,10.75,16.01,52.08,68.53,89.25,89.25,89.25,30.92,89.42,96.49,89.36,99.34
kumluca_goksu,69.57,29.44,38.93,28.73,1.21,43.64,84.76,73.46,68.86,75.22,54.93,63.71,98.36,75.11,81.58
kumluca_golcuk,16.28,29.44,63.38,82.35,90.24,80.7,24.78,31.03,8.0,8.66,40.84,19.96,29.17,4.82,10.86
kumluca_guzoren,16.28,29.44,60.86,49.67,85.31,73.03,24.78,35.31,27.3,39.58,87.77,46.05,39.58,26.1,27.74
kumluca_haciveliler,62.12,60.03,45.29,35.42,15.57,64.36,53.07,59.87,58.88,65.46,49.12,67.38,96.71,68.31,70.39
kumluca_hizirkahya,45.56,29.44,37.94,28.07,0.99,49.01,69.35,57.02,67.21,67.54,97.26,72.92,97.59,69.41,67.0
kumluca_karacaagac,16.28,29.44,71.71,82.35,89.8,71.6,24.78,32.46,3.78,20.18,60.25,19.96,37.72,2.52,11.51
kumluca_karacaoren,45.56,29.44,43.42,63.16,73.79,76.1,24.78,15.35,17.32,4.82,98.57,19.96,34.21,7.13,12.94
kumluca_karsiyaka,73.36,94.52,87.83,22.59,19.08,60.53,79.0,72.59,79.61,75.33,32.02,78.29,96.27,74.34,83.55
kumluca_kasapcayiri,65.24,93.64,93.75,24.45,35.2,66.34,82.13,79.17,75.33,73.14,73.57,72.92,95.39,73.14,71.71
kumluca_kavakkoy,45.56,29.44,44.19,36.29,0.22,57.02,54.55,19.19,62.17,66.78,92.71,46.05,97.81,59.21,66.78
kumluca_kum,73.36,81.69,19.41,28.29,1.32,30.59,86.07,72.48,66.01,74.45,46.38,65.13,98.57,77.63,78.4
kumluca_kuzca,16.28,29.44,60.2,62.94,87.83,74.45,54.55,28.4,19.96,13.27,62.39,46.05,27.63,16.89,21.49
kumluca_mavikent,85.09,67.93,99.56,36.84,46.16,77.63,70.5,54.93,73.79,54.71,17.87,82.46,89.91,64.31,60.42
kumluca_merkez,51.37,60.03,54.61,45.72,62.39,45.39,67.49,66.23,55.7,64.58,25.0,60.42,93.09,59.98,55.15
kumluca_meydan,77.8,85.75,6.8,1.86,42.65,54.61,74.07,99.01,94.63,88.93,32.13,83.88,97.04,95.39,99.56
kumluca_narenciye,91.83,84.1,77.08,16.67,14.25,66.01,72.48,83.22,83.11,83.33,41.01,79.55,96.6,77.96,82.68
kumluca_ortakoy,45.56,29.44,64.91,82.35,88.05,53.51,54.55,42.0,36.29,46.6,90.02,19.96,80.81,36.68,41.56
elmali_ovacik,16.28,29.44,23.14,82.35,71.38,44.19,24.78,1.1,3.78,3.07,16.89,19.96,22.15,0.55,9.87
kumluca_salur,57.46,60.03,42.76,44.52,39.25,50.99,66.94,44.08,47.92,54.82,55.26,59.59,90.46,57.57,59.65
kumluca_saricasu,53.45,68.09,46.05,39.14,52.96,49.12,79.61,60.2,62.39,56.47,44.41,64.2,89.58,63.16,64.69
kumluca_sarikavak,65.24,29.44,83.11,82.35,27.41,59.54,54.55,65.24,66.56,62.06,86.02,19.96,94.19,65.08,54.93
kumluca_temel_egitim,77.8,78.18,44.3,15.35,10.2,33.77,81.58,83.55,79.06,73.68,31.91,77.63,95.5,81.09,74.56
kumluca_toptas,36.57,29.44,49.89,29.82,61.4,42.0,52.36,55.59,50.88,50.44,90.24,54.77,89.8,53.18,43.97
kumluca_yazir,16.28,29.44,86.29,32.89,69.74,55.26,51.1,54.61,73.14,48.57,73.25,68.64,77.08,46.82,31.47
kumluca_yeni,91.83,90.24,72.7,13.38,6.91,61.29,86.07,83.99,85.09,77.19,19.19,94.19,97.26,84.54,92.43
kumluca_yenikisla,57.46,29.44,68.09,82.35,94.96,64.69,24.78,28.29,27.08,11.4,42.98,19.96,37.39,11.51,5.81
kumluca_yesilkoy,16.28,29.44,68.42,82.35,94.3,65.57,24.78,31.8,32.46,34.87,46.98,19.96,48.9,29.93,37.72
kumluca_calti,16.28,29.44,91.45,82.35,75.77,58.99,24.78,26.54,19.19,2.74,55.54,19.96,33.66,1.86,8.33
kumluca_cayici,16.28,29.44,60.31,62.72,61.07,77.85,24.78,20.72,15.57,14.8,38.93,19.96,41.89,11.29,22.92
korkuteli_imecik,63.43,29.44,15.35,64.25,59.32,63.6,24.78,6.14,16.01,4.93,92.71,19.96,18.31,5.81,17.54
kumluca_incircik,16.28,29.44,71.38,53.07,84.1,88.93,24.78,17.54,30.81,25.88,59.38,19.96,40.24,26.81,20.18
manavgat_a_hisar,91.83,93.31,18.53,2.63,20.18,36.07,68.53,91.23,99.01,98.68,12.94,95.67,84.98,99.62,62.28
manavgat_a_pazarci,98.96,95.83,15.24,2.85,3.62,32.13,83.72,98.57,98.03,97.04,13.16,99.01,84.76,99.78,48.36
manavgat_ahmetler,45.56,29.44,96.71,82.35,75.0,68.97,24.78,23.79,22.59,11.95,53.34,19.96,19.19,17.54,19.74
manavgat_aksaz,16.28,29.44,20.29,37.39,41.89,14.04,51.1,51.97,39.91,56.03,95.07,49.51,75.77,44.96,44.74
manavgat_altinkaya,63.43,29.44,71.49,59.76,86.84,87.83,24.78,22.15,29.82,1.1,67.27,46.05,7.24,18.91,10.96
manavgat_aydinevler,77.8,75.66,41.45,19.63,17.76,28.62,68.53,91.34,76.32,90.02,25.22,71.33,84.32,88.38,89.69
manavgat_asagiisiklar,38.76,29.44,22.48,44.85,35.96,25.99,24.78,46.38,38.38,64.91,62.17,43.91,79.06,50.22,52.08
manavgat_bahcelievler,77.8,87.55,29.71,7.46,13.93,21.71,80.87,96.6,90.68,93.09,11.07,91.83,84.87,95.18,82.79
manavgat_ballibucak,45.56,29.44,69.85,82.35,76.97,96.49,24.78,6.25,19.08,0.33,43.26,19.96,7.24,23.36,36.51
manavgat_belenobasi,16.28,29.44,34.98,82.35,66.01,7.13,24.78,28.62,27.52,44.96,94.19,19.96,56.47,24.34,44.52
manavgat_bereket,61.24,29.44,10.42,82.35,13.27,40.24,52.36,47.92,31.03,48.46,97.92,19.96,78.29,45.72,56.69
manavgat_beydigin,45.56,29.44,65.9,63.05,73.9,38.49,24.78,10.96,20.18,15.79,64.09,19.96,7.24,8.66,11.4
manavgat_beskonak,45.56,29.44,94.96,59.87,68.31,71.16,24.78,25.22,49.89,20.39,69.85,46.05,7.24,26.81,23.9
manavgat_boztepe,67.87,29.44,29.93,82.35,24.56,60.96,24.78,62.39,51.54,55.37,85.58,54.44,88.82,58.99,57.68
serik_bucakkoy,45.56,29.44,72.15,82.35,48.9,42.54,24.78,30.48,26.1,28.29,49.01,19.96,42.11,13.38,28.18
manavgat_bucakseyhler,45.56,29.44,45.18,40.46,47.81,16.34,24.78,56.03,62.94,47.7,98.25,41.01,67.0,45.94,43.09
manavgat_burmahan,45.56,29.44,40.79,82.35,84.87,96.16,24.78,21.6,25.33,5.37,84.54,49.51,7.24,28.02,40.13
manavgat_bukluce,16.28,29.44,3.84,82.35,1.97,40.9,24.78,42.32,3.78,51.97,53.73,19.96,80.48,29.71,54.28
manavgat_cevizler,16.28,29.44,42.32,82.35,47.04,22.92,24.78,37.06,13.93,47.37,50.11,19.96,77.41,27.63,40.35
manavgat_demirciler,16.28,29.44,15.68,35.09,31.25,10.75,24.78,50.11,46.05,60.96,61.51,49.51,73.57,44.74,48.03
manavgat_denizkent,16.28,29.44,10.2,82.35,11.07,38.93,24.78,51.54,47.48,52.41,60.09,51.26,82.46,52.85,55.26
manavgat_denizyaka,16.28,29.44,1.32,43.75,1.64,42.43,24.78,32.57,35.96,50.22,92.43,19.96,81.36,42.65,64.04
manavgat_degirmenozu,16.28,29.44,50.55,82.35,63.82,68.75,51.1,10.86,19.3,0.88,50.88,19.96,7.24,19.63,23.57
manavgat_dolbazlar,69.57,29.44,13.6,82.35,10.64,38.38,24.78,57.13,41.56,58.66,95.94,54.77,81.03,49.67,54.17
manavgat_dogancam,61.24,29.44,6.25,28.62,12.94,25.22,64.53,63.38,64.36,58.44,100.0,42.54,86.18,61.84,60.31
manavgat_duzagac,45.56,29.44,94.85,82.35,82.68,79.82,24.78,9.98,20.5,1.32,81.2,19.96,7.24,5.92,17.76
manavgat_dikmen,16.28,29.44,44.63,36.62,39.91,16.23,24.78,37.5,57.35,55.59,72.59,52.52,71.27,49.56,51.43
manavgat_emek,91.83,87.17,20.39,9.87,27.52,20.61,74.07,89.8,94.3,87.72,9.1,90.13,84.1,94.3,75.55
manavgat_eski_hisar,77.8,84.1,22.26,10.64,6.58,28.51,58.06,89.04,92.0,92.87,28.73,83.88,85.42,90.46,92.65
manavgat_evrenleryavsi,16.28,29.44,37.61,82.35,45.72,19.08,24.78,32.13,3.78,54.5,78.56,19.96,62.39,21.82,50.0
manavgat_evrenseki,37.66,78.84,53.62,32.24,29.61,31.36,70.61,66.45,66.67,69.85,27.19,69.13,51.75,68.42,72.81
manavgat_gaziler,34.48,29.44,90.9,57.02,56.91,51.1,24.78,22.92,34.76,2.08,31.14,60.42,7.24,20.89,16.67
manavgat_gebece,57.46,29.44,83.77,82.35,91.78,47.04,24.78,42.11,29.93,21.82,93.59,19.96,18.42,18.75,8.88
manavgat_gencler,45.56,29.44,64.04,82.35,71.16,59.87,24.78,25.77,22.48,22.7,58.39,19.96,39.69,23.68,21.71
manavgat_gultepe,77.8,29.44,11.73,82.35,37.61,32.02,61.95,83.33,62.72,77.74,50.77,58.28,80.59,76.97,95.18
manavgat_gundogdu,70.39,76.75,18.97,38.93,23.46,28.07,59.65,58.44,56.69,61.07,49.51,70.72,77.74,59.32,59.32
manavgat_guzelyali,34.48,29.44,26.54,82.35,48.14,39.47,24.78,35.09,33.0,46.27,34.38,19.96,47.37,28.51,16.01
manavgat_haciali,69.57,29.44,36.73,82.35,60.53,17.43,24.78,39.36,29.5,48.14,66.61,19.96,71.93,34.54,17.65
manavgat_haciobasi,57.46,29.44,31.25,48.9,32.57,36.4,24.78,56.47,63.82,63.38,90.02,75.99,83.99,56.69,63.71
manavgat_haciisali,16.28,29.44,47.48,82.35,74.12,29.82,24.78,35.86,13.71,55.92,71.71,19.96,61.73,29.28,35.86
manavgat_halitagalar,16.28,29.44,75.11,82.35,93.53,80.37,24.78,18.53,3.78,24.12,42.98,19.96,41.34,7.29,15.68
manavgat_hatipler,88.49,60.03,23.68,25.55,26.43,28.73,73.3,68.97,65.9,74.34,28.07,68.48,81.14,68.64,66.34
manavgat_hocalar,45.56,29.44,39.58,52.08,43.64,27.63,56.3,34.98,36.62,40.57,81.69,41.01,55.48,41.78,39.8
manavgat_hocali,66.61,29.44,46.71,82.35,85.09,20.5,24.78,34.87,23.46,35.64,62.28,19.96,47.59,17.32,6.58
manavgat_ilica,86.51,87.06,68.31,22.37,21.82,34.32,78.4,79.06,77.74,79.06,5.15,91.23,81.91,77.41,79.93
manavgat_kadilar,16.28,29.44,71.93,82.35,57.57,80.81,24.78,25.99,3.78,32.35,39.14,19.96,66.23,16.01,37.94
manavgat_kalemler,16.28,29.44,61.73,82.35,42.43,24.67,24.78,40.68,11.18,50.55,67.87,19.96,50.99,22.48,55.48
manavgat_karabucak,16.28,29.44,72.37,82.35,81.25,91.34,24.78,8.11,3.78,0.55,85.2,19.96,7.24,3.07,21.27
manavgat_karabuk,45.56,29.44,86.62,60.96,79.06,73.36,24.78,25.88,32.24,10.42,90.46,52.52,7.24,22.26,17.21
manavgat_karacalar,57.46,69.57,21.05,36.73,20.39,24.12,54.55,62.94,69.19,67.98,50.33,68.86,85.96,65.68,65.9
manavgat_karakaya,16.28,29.44,86.51,53.51,60.31,78.07,24.78,33.11,37.06,23.46,78.56,46.05,46.6,34.65,45.18
serik_karatas,57.46,29.44,49.23,82.35,49.01,51.32,24.78,33.0,25.99,25.99,53.62,19.96,38.05,14.8,12.39
manavgat_karavca,16.28,29.44,27.52,47.81,42.98,45.72,24.78,27.96,42.54,47.04,78.4,19.96,54.17,27.08,9.98
manavgat_karaoz,45.56,29.44,8.33,49.78,23.79,15.02,24.78,43.86,43.53,60.86,79.93,49.51,80.7,40.46,39.14
manavgat_kasaplar,77.8,86.84,24.56,17.76,37.72,38.05,82.13,90.68,84.87,88.71,21.05,77.63,82.13,91.67,84.32
manavgat_kavakli,77.8,83.66,59.43,18.42,31.36,33.22,70.23,85.53,76.97,86.29,10.42,82.84,82.02,86.51,95.5
akseki_kepezbeleni,16.28,29.44,79.06,61.51,65.35,58.22,24.78,16.12,22.26,23.79,27.96,19.96,16.89,6.25,3.62
manavgat_kirkkavak,45.56,29.44,58.77,62.61,81.47,93.75,24.78,2.52,20.29,0.66,66.12,19.96,7.24,1.64,3.07
manavgat_kisalar,16.28,29.44,22.37,82.35,15.46,37.06,24.78,44.41,3.78,50.0,59.05,19.96,82.24,23.46,49.12
manavgat_kizilagac,73.36,83.22,13.93,25.88,11.62,37.28,51.1,74.56,79.71,76.75,39.36,75.16,87.28,78.18,75.66
manavgat_kizildag,63.43,29.44,89.8,82.35,89.69,69.19,24.78,19.3,20.94,12.72,95.61,19.96,7.24,19.46,18.53
manavgat_kizilot,66.61,80.7,31.14,26.75,23.68,39.14,63.54,74.78,72.37,68.97,49.34,80.15,87.83,70.07,70.94
manavgat_milli_egemenlik,96.87,91.5,82.35,15.68,27.19,43.75,61.95,87.17,83.66,86.84,24.56,80.59,82.68,86.29,74.89
manavgat_mimar_sinan,91.83,91.72,39.69,15.02,35.09,14.69,76.97,91.45,82.79,87.5,31.8,82.18,82.79,86.84,76.1
manavgat_namaras,16.28,29.44,90.57,82.35,81.03,76.54,24.78,29.82,30.59,14.25,34.1,19.96,35.64,25.44,20.72
manavgat_odaonu,91.83,29.44,19.74,82.35,25.55,62.06,24.78,50.0,43.42,47.59,61.84,42.54,87.5,51.32,41.78
manavgat_oymapinar,63.43,29.44,95.18,60.42,50.66,23.79,24.78,34.65,58.99,43.64,67.76,19.96,47.26,35.09,26.97
manavgat_perakende,16.28,29.44,21.82,82.35,16.12,29.39,24.78,38.05,3.78,43.75,41.39,19.96,82.57,26.48,60.64
manavgat_salkim_evler,77.8,75.66,8.44,82.35,44.96,14.8,64.86,86.29,72.26,83.88,27.63,74.78,83.0,77.08,74.78
manavgat_salur,16.28,29.44,63.16,82.35,70.94,26.54,24.78,22.59,3.78,26.32,36.4,19.96,38.27,1.54,10.75
manavgat_sanayi,34.48,68.91,11.51,15.9,0.66,16.67,53.07,67.98,72.48,74.67,70.29,79.28,86.07,70.83,77.85
manavgat_saracli,45.56,29.44,26.1,82.35,58.99,4.71,24.78,31.91,39.04,42.21,81.47,19.96,53.73,20.89,26.32
manavgat_sarilar,84.98,84.76,81.36,25.33,22.37,35.64,66.12,75.55,75.88,75.55,0.33,93.75,81.58,73.79,82.24
manavgat_sagirin,63.43,29.44,79.17,61.18,60.75,72.59,24.78,18.75,24.12,14.58,63.82,56.63,7.24,15.9,27.63
manavgat_seydiler,36.57,29.44,13.05,34.76,9.1,34.54,24.78,57.79,59.76,62.94,90.02,19.96,85.86,54.28,49.34
manavgat_sorgun,95.07,97.37,89.04,24.23,15.9,41.56,77.3,76.64,83.0,79.82,21.38,81.03,85.64,74.56,79.5
manavgat_sulek,69.57,29.44,30.59,82.35,53.51,19.96,24.78,53.07,51.64,60.64,78.29,54.77,79.5,53.62,57.13
manavgat_side,98.41,98.19,58.0,16.23,23.57,28.95,76.37,84.32,89.58,83.66,4.39,99.23,83.88,84.1,76.64
manavgat_tasagil,82.73,66.12,84.21,37.5,37.06,43.31,65.08,38.49,68.75,54.28,24.89,75.33,52.96,56.14,53.73
manavgat_taskesigi,16.28,29.44,92.32,82.35,79.71,78.73,24.78,54.17,43.86,27.85,40.24,66.78,50.44,27.52,5.92
manavgat_tepekoy,16.28,29.44,67.98,82.35,64.58,53.95,24.78,24.34,3.78,24.67,29.61,19.96,55.26,5.37,11.62
manavgat_tilkiler,16.28,29.44,76.97,82.35,86.95,27.3,24.78,31.47,11.95,34.65,29.93,19.96,34.54,8.99,9.76
manavgat_ulukapi,88.05,63.32,29.82,39.91,34.21,16.12,24.78,67.43,50.77,63.71,28.95,53.12,79.61,58.0,54.5
manavgat_uzunkale,57.46,29.44,62.39,52.96,63.38,54.82,24.78,30.81,39.14,40.13,74.12,19.96,61.95,33.88,32.89
manavgat_uzunlar,34.48,29.44,79.5,51.86,48.03,59.21,24.78,41.12,44.3,45.29,66.39,64.91,81.25,43.53,40.02
manavgat_y_hisar,77.8,89.69,37.39,2.74,29.06,50.22,74.07,89.91,95.39,96.27,44.08,86.24,83.22,95.72,76.75
manavgat_y_pazarci,91.83,89.69,32.89,6.25,7.79,38.82,74.07,90.57,91.78,94.52,18.97,91.83,84.54,96.27,94.96
manavgat_yalcidibi,34.48,29.44,56.03,82.35,54.17,78.4,24.78,29.5,34.98,37.72,48.3,19.96,54.93,36.95,37.61
manavgat_yavrudogan,57.46,60.03,67.11,50.66,46.27,27.96,60.14,43.09,43.97,53.07,56.85,62.5,49.78,52.69,53.07
manavgat_yayla,77.8,84.1,21.71,11.95,37.28,30.92,61.95,97.7,86.07,90.35,7.13,95.18,83.66,92.32,46.6
manavgat_yaylaalan,34.48,29.44,62.28,82.35,78.18,67.21,24.78,23.9,25.11,21.16,76.75,55.65,7.24,31.14,37.28
manavgat_yenikoy,45.56,29.44,33.55,43.42,39.14,25.33,24.78,37.61,36.73,45.61,96.27,19.96,65.02,38.43,50.11
manavgat_yesilbag,45.56,29.44,87.28,82.35,84.76,87.72,24.78,7.57,46.71,2.96,80.1,52.52,7.24,12.28,22.37
serik_yesilvadi,16.28,29.44,74.12,82.35,96.93,88.16,24.78,20.94,3.78,1.75,45.72,19.96,7.24,0.05,1.43
manavgat_yukariisiklar,16.28,29.44,48.36,56.14,49.12,10.53,24.78,41.23,31.91,43.2,91.23,19.96,57.46,28.95,29.5
manavgat_cakis,71.33,29.44,28.51,42.11,14.58,49.34,24.78,52.63,55.92,53.4,57.35,60.42,65.46,56.91,69.08
manavgat_caltepe,66.61,29.44,33.44,82.35,77.85,91.45,24.78,7.68,18.64,0.0,64.97,19.96,7.24,37.77,51.1
manavgat_cardakkoy,34.48,29.44,55.04,57.24,62.72,43.42,24.78,36.62,16.34,29.93,87.17,46.05,38.71,33.11,45.94
manavgat_cavuskoy,66.61,29.44,16.67,44.08,20.94,49.89,24.78,59.21,50.44,55.81,82.68,49.51,86.62,53.95,52.3
manavgat_cayyazi,67.87,78.4,16.01,26.64,10.42,35.86,65.95,80.15,67.65,76.54,53.51,67.05,83.55,71.49,62.39
manavgat_caglayan,77.8,86.84,50.22,14.14,33.44,43.97,61.95,88.38,81.8,85.31,31.69,82.18,82.35,83.22,73.9
manavgat_celtikci,52.58,74.18,44.96,33.77,14.04,29.61,59.43,76.32,68.64,74.89,38.6,63.21,83.44,69.52,69.85
manavgat_cenger,57.46,70.07,24.67,38.82,34.43,51.75,56.3,62.61,54.39,65.02,86.18,41.01,86.95,60.53,68.09
manavgat_colakli,85.69,81.3,26.32,30.26,22.81,34.21,76.15,67.11,71.6,73.9,15.68,75.88,78.51,71.93,64.14
manavgat_orensehir,85.69,74.78,33.66,43.2,28.84,67.0,51.1,61.62,69.3,65.9,83.66,74.18,86.84,63.27,62.61
manavgat_ornek,91.83,82.18,25.88,5.7,2.19,27.85,77.47,87.72,90.35,96.71,17.54,94.9,85.31,95.5,80.92
manavgat_selale,91.83,82.18,26.43,15.13,20.72,34.76,59.21,88.71,86.95,87.83,9.76,83.88,83.77,89.04,90.13
manavgat_siseler,36.57,29.44,76.75,82.35,32.35,26.1,24.78,34.32,13.05,40.68,50.11,19.96,62.83,32.02,46.05
muratpasa_altindag,77.8,91.89,13.38,0.66,39.69,45.18,80.87,98.68,99.12,94.41,14.69,93.09,67.87,98.14,1.43
muratpasa_bahcelievler,77.8,94.41,64.47,4.39,38.49,49.45,78.67,93.75,98.36,92.0,21.49,89.42,72.15,97.59,68.53
muratpasa_balbey,77.8,93.04,12.5,2.96,13.05,23.14,61.95,97.92,93.75,99.23,85.31,79.55,70.07,98.46,27.41
muratpasa_barbaros,77.8,82.18,11.29,0.11,38.05,29.71,72.48,99.45,97.37,99.67,37.94,74.78,72.92,99.29,98.25
muratpasa_bayindir,77.8,95.67,14.69,9.21,18.86,25.44,90.52,94.19,92.76,94.85,13.71,89.42,64.8,91.67,78.84
muratpasa_cumhuriyet,91.83,99.12,13.82,0.77,10.86,22.37,80.87,98.9,97.04,94.96,8.88,97.2,63.93,93.97,8.77
muratpasa_demircikara,77.8,86.29,80.7,9.98,7.89,43.09,90.52,90.46,85.86,95.94,23.79,77.63,74.34,90.13,71.49
muratpasa_deniz,91.83,95.67,17.43,1.43,39.04,42.76,76.97,92.32,97.26,92.54,18.75,85.53,70.72,97.92,73.68
muratpasa_doguyaka,91.83,80.37,24.89,12.17,3.18,10.86,89.53,82.68,82.02,85.86,22.92,80.59,67.65,85.75,96.38
muratpasa_dutlubahce,91.83,88.54,7.24,3.4,11.4,21.27,87.88,97.37,91.23,97.59,8.55,90.79,63.27,92.76,1.43
muratpasa_elmali,77.8,91.12,4.93,0.55,53.95,23.46,68.53,99.56,97.92,99.34,88.05,79.55,70.39,99.01,1.43
muratpasa_ermenek,81.58,81.47,79.28,22.26,27.96,11.4,99.07,79.61,81.91,82.79,16.23,78.84,75.66,79.06,86.29
muratpasa_etiler,91.83,97.81,28.73,7.35,11.84,28.18,85.2,97.04,93.2,95.39,4.71,94.57,65.35,94.63,68.97
muratpasa_fener,98.96,98.79,92.98,7.24,17.11,39.58,96.6,93.86,99.23,90.79,2.63,98.03,75.55,93.31,85.64
muratpasa_gebizli,96.87,93.04,12.06,5.81,9.98,17.98,90.52,92.11,92.98,92.21,9.98,90.79,66.89,95.83,97.15
muratpasa_genclik,96.87,85.75,28.95,4.17,20.83,49.78,88.93,92.87,96.16,92.32,21.27,87.23,76.21,96.82,77.52
muratpasa_guvenlik,96.87,91.5,7.02,2.52,46.49,36.62,92.54,96.27,96.6,93.64,5.92,94.19,63.49,96.16,23.25
muratpasa_guzelbag,64.47,85.75,7.46,24.78,12.5,2.52,98.08,76.54,78.84,91.34,24.34,71.05,68.75,76.64,79.82
muratpasa_guzeloba,95.5,99.67,96.49,18.09,8.11,13.82,100.0,80.48,92.65,81.58,0.11,98.14,80.04,83.0,86.84
muratpasa_guzeloluk,81.58,73.79,51.64,18.64,3.84,30.37,97.64,79.28,77.63,77.3,13.05,80.92,72.48,85.31,94.41
aksu_guzelyurt,70.83,77.08,56.69,14.91,26.64,9.87,95.94,79.71,85.31,82.57,18.64,87.23,64.25,80.81,87.17
muratpasa_hasimiscan,77.8,85.75,57.57,2.3,40.35,48.9,76.97,99.67,97.81,97.26,66.01,82.18,74.56,99.29,57.02
muratpasa_kilincarslan,77.8,75.66,35.86,0.33,40.9,39.91,61.95,98.79,98.46,99.01,80.26,71.33,74.67,98.79,38.93
muratpasa_kircami,52.58,84.54,17.11,15.24,3.95,31.03,88.93,81.8,83.88,84.1,41.12,69.52,72.81,84.87,89.58
muratpasa_kizilarik,91.83,87.55,32.13,7.57,9.32,27.41,93.09,93.09,88.6,93.97,1.21,92.65,63.6,91.28,99.89
muratpasa_kizilsaray,77.8,91.12,17.65,0.44,28.73,38.16,68.53,99.78,98.68,96.82,25.44,90.79,68.09,97.2,1.43
muratpasa_kiziltoprak,98.96,98.96,21.93,8.11,9.54,19.41,89.53,92.98,93.31,95.61,0.77,96.77,69.3,91.45,97.81
muratpasa_kisla,77.8,95.5,25.0,0.88,19.3,36.84,74.07,99.12,95.83,97.7,37.06,83.88,71.6,98.9,46.82
muratpasa_konuksever,96.87,94.74,14.25,5.48,6.03,25.77,92.54,96.82,90.79,94.63,1.43,98.46,63.38,92.98,84.21
muratpasa_mehmetcik,77.8,71.98,59.54,12.83,3.4,24.01,90.52,85.2,87.06,85.2,52.85,68.15,68.97,87.72,90.57
muratpasa_meltem,91.83,96.27,97.7,9.76,27.85,48.14,96.82,87.94,98.14,97.37,7.46,88.32,74.45,90.79,76.43
muratpasa_memurevleri,77.8,94.3,0.0,4.5,37.17,41.12,74.07,93.42,96.49,93.53,17.21,87.23,65.57,97.59,1.43
muratpasa_meydankavagi,98.96,97.59,47.92,7.89,9.76,24.56,96.38,93.2,95.29,96.6,0.44,97.2,72.04,90.02,91.89
muratpasa_muratpasa,96.87,79.55,24.45,1.97,9.65,27.19,85.2,95.29,94.19,95.72,7.35,97.53,66.12,94.74,1.43
muratpasa_sedir,91.83,97.04,17.98,4.93,33.77,31.14,83.72,94.41,90.9,96.05,14.47,84.81,62.72,91.94,58.22
muratpasa_selcuk,77.8,75.66,41.12,0.22,28.18,44.63,61.95,99.23,97.15,99.45,22.42,80.59,76.97,99.89,1.43
muratpasa_soguksu,91.83,94.19,35.64,5.26,34.87,34.65,90.52,91.01,94.52,91.01,9.87,90.79,66.01,93.64,25.88
muratpasa_sinan,91.83,96.38,15.9,1.21,19.52,33.0,82.13,97.26,97.7,99.12,15.79,94.9,72.59,98.68,62.83
muratpasa_tahilpazari,77.8,90.41,2.3,1.32,43.2,25.88,72.48,99.34,98.25,98.46,54.06,85.53,67.76,98.57,31.03
muratpasa_tarim,65.24,90.13,65.13,13.16,3.07,26.75,91.17,86.18,86.73,85.42,59.54,72.92,71.16,87.06,88.05
muratpasa_topcular,91.83,71.98,16.45,9.32,4.93,11.73,86.07,81.69,76.1,84.32,63.27,70.45,67.54,85.96,90.35
muratpasa_tuzcular,77.8,79.55,4.5,0.0,19.74,21.82,61.95,99.89,98.9,100.0,21.82,74.78,73.25,100.0,87.5
muratpasa_varlik,96.87,99.89,8.77,4.71,25.11,39.69,94.52,96.71,97.48,95.07,11.29,96.77,69.52,94.96,85.96
muratpasa_yenigol,86.18,69.24,26.21,13.27,8.44,6.14,81.47,77.08,74.67,78.73,65.35,84.81,67.11,80.48,98.46
muratpasa_yenigun,91.83,95.12,35.75,6.91,16.23,35.31,91.89,95.5,91.89,96.38,0.99,95.18,66.34,91.01,99.78
muratpasa_yesilbahce,91.83,99.78,83.99,7.02,21.71,45.5,95.94,96.16,99.67,94.74,3.62,96.0,75.22,93.75,76.97
muratpasa_yesildere,77.8,75.66,3.29,10.96,5.7,15.68,83.72,91.78,84.21,93.42,22.15,87.23,64.14,89.47,99.67
muratpasa_yesilova,83.83,83.5,16.12,18.86,4.5,23.9,84.54,79.39,78.73,78.4,40.68,88.32,69.19,83.77,92.0
muratpasa_yildiz,77.8,98.19,4.39,0.99,42.54,40.35,87.88,95.72,99.56,92.65,11.73,97.53,67.43,99.62,1.43
muratpasa_yuksekalan,77.8,96.66,27.08,6.03,45.61,36.29,80.87,94.52,92.43,98.25,12.5,89.42,68.42,92.87,85.75
muratpasa_zerdalilik,96.87,92.16,12.61,1.64,2.96,33.99,93.8,93.97,95.61,98.36,14.58,93.42,74.12,98.03,49.89
muratpasa_zumrutova,65.24,76.54,14.14,19.08,2.41,37.94,83.72,80.92,81.36,84.54,67.0,68.15,73.79,85.64,92.21
muratpasa_caybasi,77.8,98.57,29.5,3.07,49.78,25.11,87.88,95.83,96.27,98.9,13.6,94.57,70.18,95.94,72.15
muratpasa_caglayan,91.83,99.56,84.65,4.06,17.32,33.44,98.68,91.67,98.57,90.24,0.66,99.01,75.0,93.86,91.23
muratpasa_ucgen,77.8,94.74,22.81,1.75,7.24,39.8,83.72,97.15,96.93,94.3,10.58,96.0,67.21,96.82,1.43
muratpasa_sirinyali,77.8,100.0,89.36,4.61,26.1,47.7,95.94,90.13,99.89,88.82,2.52,96.77,76.54,95.61,92.54
serik_abdurrahmanlar,57.46,69.57,10.31,33.99,10.75,26.43,24.78,56.25,65.35,62.39,59.21,72.15,67.98,63.6,83.44
serik_akbas,45.56,29.44,90.79,82.35,60.09,55.7,24.78,27.19,26.75,24.01,93.59,19.96,29.39,14.97,15.24
serik_akcaalan,87.45,77.52,12.17,12.94,19.41,6.47,53.56,80.81,77.3,81.36,9.65,88.32,72.7,82.57,92.32
serik_akcapinar,45.56,29.44,54.93,82.35,49.89,31.69,24.78,41.78,31.36,35.53,79.77,19.96,43.31,38.05,48.14
serik_alacami,45.56,29.44,43.86,53.95,47.59,29.17,24.78,48.25,51.1,44.19,90.35,19.96,46.38,42.76,56.58
serik_asagikocayatak,36.57,29.44,2.85,34.43,5.92,14.25,59.43,49.67,53.84,56.8,67.43,47.81,77.19,66.56,88.16
serik_asagioba,71.33,29.44,41.01,51.32,15.02,23.36,24.78,24.45,40.79,48.25,96.49,19.96,62.5,47.37,65.46
serik_asagicatma,16.28,29.44,4.71,82.35,2.52,29.06,24.78,48.9,3.78,60.09,45.83,19.96,76.75,35.53,70.72
serik_belek,62.5,94.08,97.26,20.83,8.0,48.25,94.08,74.01,86.4,79.39,10.31,83.33,81.47,75.88,80.26
serik_belkis,16.28,29.44,62.94,38.49,15.24,33.66,60.14,60.86,59.65,56.58,61.73,53.78,70.5,64.91,67.21
serik_belpinar,36.57,61.4,31.03,42.98,22.48,21.6,24.78,61.51,51.21,63.6,86.73,59.1,65.9,65.79,72.48
serik_berendi,61.24,29.44,9.43,82.35,18.2,10.09,24.78,30.59,34.54,51.54,51.37,19.96,63.71,44.52,78.51
serik_bozdogan,16.28,29.44,75.88,58.88,97.48,82.79,24.78,17.21,19.41,2.41,31.52,19.96,7.24,4.5,4.5
serik_bogazkent,53.45,80.59,89.69,31.14,1.43,37.17,75.33,61.07,74.01,70.18,27.36,77.08,81.8,67.05,67.76
serik_burmahanci,45.56,29.44,4.82,46.38,5.26,22.26,24.78,49.12,41.23,54.61,77.3,47.64,69.96,55.81,67.98
serik_bugus,16.28,29.44,46.93,82.35,51.86,13.05,24.78,31.14,33.44,46.49,76.21,49.51,49.67,37.94,55.92
serik_bilginler,45.56,29.44,41.67,82.35,54.39,38.6,24.78,35.2,21.71,40.79,81.2,19.96,42.87,35.75,57.24
serik_cumali,65.24,62.17,17.32,28.84,11.29,20.39,52.74,75.88,68.2,72.48,54.61,68.15,75.44,76.48,83.66
serik_cumhuriyet,68.26,73.57,10.64,13.49,25.33,17.21,55.54,84.1,76.43,81.47,23.68,86.24,65.13,86.18,83.33
serik_demirciler,57.46,29.44,73.14,82.35,89.14,90.9,24.78,18.09,23.14,6.58,38.21,19.96,7.24,8.44,1.43
serik_deniztepesi,45.56,29.44,36.62,51.64,54.71,30.81,24.78,38.82,33.66,46.05,86.51,49.51,43.53,43.75,67.43
serik_dorumlar,16.28,29.44,21.38,50.77,24.12,17.11,24.78,33.22,38.16,46.38,67.98,41.01,57.57,43.15,52.85
serik_dikmen,40.02,61.4,5.92,40.9,6.8,12.06,78.67,67.76,56.58,65.35,94.96,63.93,76.32,65.57,78.73
serik_eminceler,16.28,63.98,7.57,35.86,1.75,35.53,60.14,62.72,48.68,66.45,93.31,41.01,78.95,55.92,59.43
serik_eskiyuruk,72.15,29.44,9.87,46.82,14.8,2.96,24.78,36.51,40.24,53.62,95.83,42.54,64.36,53.29,68.2
serik_gebiz,82.73,68.59,67.21,47.15,42.21,9.54,24.78,32.24,52.74,52.08,50.44,65.46,51.64,49.78,49.78
serik_gedik,51.37,67.54,11.62,82.35,16.45,11.62,24.78,53.4,3.78,68.2,60.86,43.26,75.11,45.83,42.11
serik_gokcepinar,45.56,29.44,65.68,54.71,88.16,68.31,24.78,29.93,24.89,33.88,48.79,19.96,18.53,20.39,34.98
serik_haciosmanlar,16.28,29.44,58.11,82.35,65.79,14.47,24.78,36.18,12.39,31.8,57.07,19.96,42.76,30.04,42.0
serik_hasdumen,16.28,29.44,63.49,82.35,87.94,96.71,24.78,17.11,21.27,3.51,57.07,19.96,7.24,1.97,2.96
serik_haskiziloren,57.46,65.3,62.5,82.35,93.2,89.58,24.78,28.07,30.92,14.47,71.49,49.51,7.24,22.26,13.49
serik_haspinar,45.56,29.44,73.36,82.35,82.57,66.45,24.78,21.16,18.31,7.46,41.89,19.96,23.14,2.74,7.02
serik_kadriye,63.43,90.79,83.88,22.81,7.13,44.41,89.8,71.82,84.43,78.18,8.77,85.31,79.71,74.45,88.82
serik_karadayi,53.45,29.44,37.72,50.22,10.31,23.57,24.78,47.48,56.47,58.22,46.05,63.54,79.17,55.04,65.79
serik_karincali,82.07,29.44,2.52,47.59,0.88,25.0,24.78,38.93,39.8,49.34,70.39,19.96,70.61,50.99,71.05
serik_kayaburnu,61.24,29.44,29.28,47.04,25.66,11.18,60.69,60.96,61.4,62.5,86.4,51.26,68.53,65.46,89.91
serik_kirbas,16.28,29.44,40.35,82.35,36.29,18.2,24.78,22.26,13.6,30.26,41.89,19.96,52.08,31.91,45.07
serik_kozan,16.28,29.44,88.71,82.35,66.67,55.04,24.78,14.69,17.54,7.35,69.3,19.96,27.41,19.96,25.33
serik_kozagaci,61.24,29.44,5.59,33.55,3.51,19.63,60.69,59.1,60.42,59.32,84.76,42.54,75.33,67.21,90.79
serik_kuslar,16.28,29.44,14.91,82.35,16.67,12.72,24.78,40.13,3.78,48.68,54.39,19.96,59.76,30.81,67.87
serik_kokez,95.29,82.79,34.32,18.53,21.6,15.9,53.29,80.37,79.39,81.03,4.06,96.16,64.47,81.09,77.96
serik_kurus,73.36,63.98,6.36,27.96,8.77,32.24,51.1,69.3,65.68,68.64,62.06,67.21,75.88,68.75,72.59
serik_merkez,96.87,95.94,37.17,16.12,8.99,19.19,65.41,82.46,87.39,80.92,2.19,98.57,72.26,81.8,87.39
serik_nebiler,16.28,29.44,9.21,49.12,16.34,15.13,24.78,33.55,39.47,54.39,74.78,55.65,63.16,47.04,70.61
serik_orta,99.56,98.36,65.57,16.78,23.25,9.65,72.97,78.62,89.69,82.68,3.29,98.25,73.03,81.58,92.98
serik_pinarcik,63.43,29.44,12.39,82.35,17.0,17.76,24.78,34.76,36.84,51.43,99.56,19.96,62.17,43.42,66.56
serik_sariabali,63.43,29.44,53.95,56.58,35.75,34.98,51.1,46.82,55.15,55.7,80.48,46.05,53.51,47.92,60.53
serik_tekke,57.46,29.44,19.08,53.62,28.29,8.33,24.78,42.65,37.72,58.0,84.65,53.78,55.37,49.34,68.31
serik_tonguslu,38.76,66.67,30.04,56.91,47.7,2.85,24.78,27.74,53.62,50.66,93.2,59.59,48.46,50.0,58.0
serik_yankoy,57.46,29.44,7.35,53.73,16.56,8.99,24.78,45.07,51.32,51.1,99.23,53.78,61.18,47.81,59.98
serik_yeni,86.84,88.82,34.21,11.84,22.7,18.31,77.74,84.76,86.29,84.98,15.13,93.09,68.86,88.16,79.17
serik_yesilyurt,16.28,29.44,19.63,36.95,17.54,15.46,24.78,52.52,43.31,51.86,91.12,51.26,61.84,54.44,76.32
serik_yukarikocayatak,32.89,62.83,8.0,31.03,12.39,6.91,71.38,56.8,63.16,66.01,26.54,69.13,71.71,67.71,85.09
serik_yukaricatma,16.28,29.44,24.78,82.35,37.94,9.32,24.78,28.84,3.78,57.46,58.39,19.96,58.0,34.98,88.38
serik_yumaklar,45.56,29.44,64.69,63.6,86.07,71.27,24.78,10.09,17.11,23.9,94.74,19.96,7.24,11.07,26.64
serik_zirlankaya,82.07,29.44,24.12,82.35,27.3,8.88,24.78,45.5,32.89,52.19,84.92,42.54,58.11,53.4,65.35
serik_cakallik,34.48,60.03,4.28,35.64,3.29,11.51,55.54,56.69,44.08,61.62,59.65,43.91,77.85,63.76,84.43
serik_canakci,16.28,29.44,2.41,30.48,2.85,6.69,24.78,25.55,15.02,49.12,71.71,19.96,68.64,49.12,70.29
serik_candir,71.33,67.93,3.4,41.45,2.74,21.93,24.78,51.32,58.66,57.24,56.85,71.71,69.41,60.64,78.62
serik_catallar,16.28,29.44,28.07,82.35,19.63,17.87,24.78,32.89,33.22,37.94,61.35,19.96,60.09,36.4,53.51
serik_urundu,16.28,29.44,36.18,82.35,21.49,21.49,24.78,48.46,35.64,58.77,91.67,43.91,61.4,55.15,71.93
serik_satirli,34.48,60.03,20.61,42.0,17.21,18.42,24.78,46.05,32.02,61.4,69.96,41.01,65.24,54.61,78.29
ibradi_aydinyayla,86.18,29.44,46.16,82.35,67.65,92.43,24.78,25.44,18.97,1.43,24.45,19.96,7.24,26.64,15.79
ibradi_asagi,66.61,66.67,82.89,46.05,72.7,83.77,24.78,53.51,60.53,31.25,94.41,49.51,7.24,49.01,44.3
ibradi_duzlen,16.28,29.44,60.53,82.35,75.11,58.11,24.78,26.97,3.78,24.45,18.86,19.96,7.24,6.47,1.43
akseki_kuyucak,66.61,29.44,47.81,82.35,72.04,97.59,24.78,8.66,17.0,0.44,68.8,19.96,7.24,23.57,31.91
ibradi_ormana,57.46,29.44,97.48,63.38,71.6,94.74,24.78,29.06,54.82,9.43,95.72,19.96,7.24,35.36,30.7
manavgat_sirtkoy,16.28,29.44,66.67,82.35,91.45,65.13,24.78,20.29,15.46,11.07,50.6,19.96,7.24,2.08,6.14
ibradi_yukari,51.37,63.98,91.67,82.35,79.17,92.21,24.78,46.16,35.75,12.61,97.04,53.78,7.24,40.9,25.22
ibradi_cukurviran,16.28,29.44,50.33,82.35,65.24,80.04,24.78,11.07,8.66,2.52,33.39,19.96,7.24,5.04,14.14
ibradi_uzumdere,83.83,29.44,66.56,82.35,74.89,71.71,24.78,44.52,33.77,3.95,27.08,19.96,7.24,32.57,18.97
kemer_goynuk,74.4,87.72,99.12,24.34,39.47,57.35,85.42,72.7,81.14,72.7,13.93,92.32,83.33,71.38,69.19
kemer_arslanbucak,83.83,89.47,99.23,26.86,49.67,60.42,78.18,75.77,78.62,70.72,7.68,85.8,44.85,69.63,73.46
konyaalti_hisarcandir,16.28,29.44,94.3,61.07,88.49,85.75,66.23,43.53,58.77,31.14,88.6,19.96,21.82,28.29,24.45
gundogmus_balkaya,45.56,29.44,65.79,82.35,95.29,92.65,24.78,24.01,21.16,7.13,63.93,19.96,24.56,14.47,7.79
gundogmus_calti,45.56,29.44,80.37,82.35,96.49,98.14,24.78,15.24,24.23,4.71,47.48,19.96,26.21,9.98,8.0
alanya_dere,45.56,29.44,76.32,82.35,81.8,97.04,24.78,16.23,24.01,34.98,89.14,46.05,27.52,21.05,26.75
alanya_ugurlu,16.28,29.44,27.63,82.35,97.04,99.01,24.78,13.6,8.22,18.97,46.71,19.96,30.15,6.58,8.99
kas_yaylakilincli,16.28,29.44,29.39,56.47,46.05,52.3,24.78,22.48,36.51,45.72,64.42,19.96,35.2,42.05,50.55
kas_gombe,57.46,70.07,57.68,49.01,53.62,68.09,24.78,50.44,63.38,58.88,76.54,67.76,36.07,55.37,52.96
kas_cesme,16.28,29.44,52.74,82.35,79.5,85.96,24.78,3.62,3.78,7.57,34.7,19.96,40.46,9.21,33.55
elmali_afsar,16.28,29.44,48.46,50.0,58.44,89.47,24.78,8.88,12.28,24.23,57.46,19.96,35.96,27.41,42.76
kas_ortabag,16.28,29.44,85.53,82.35,77.41,85.09,24.78,12.94,7.89,5.81,50.99,19.96,39.8,18.09,26.1
ibradi_baslar,45.56,29.44,43.2,82.35,57.89,90.02,24.78,1.75,44.19,0.22,67.27,19.96,7.24,6.69,21.16
serik_etler,45.56,29.44,88.38,82.35,86.62,90.68,24.78,13.49,27.96,9.87,96.88,19.96,7.24,14.25,1.43
akseki_bogaz,34.48,60.03,67.32,58.33,87.72,98.46,51.1,46.71,49.78,17.65,74.95,60.42,7.24,39.91,35.53
konyaalti_liman,86.62,92.76,100.0,26.54,52.52,78.62,91.45,68.42,85.2,69.19,2.41,90.46,36.51,68.09,56.8
kemer_beldibi,45.56,77.85,99.45,34.87,55.37,77.19,77.96,67.54,74.45,56.69,26.75,87.61,36.62,61.95,57.46
kepez_duraliler,57.46,66.67,93.64,24.12,26.97,50.44,89.91,71.71,70.5,72.26,30.04,62.23,64.91,68.53,79.61
gazipasa_sahinler,16.28,29.44,51.32,64.14,57.68,85.53,24.78,13.93,44.74,1.97,35.53,19.96,38.49,11.95,21.82
dosemealti_yenikoy,98.25,94.96,83.55,19.52,4.28,0.77,99.78,78.84,83.99,78.07,0.88,96.38,31.47,77.52,88.6
dosemealti_komurculer,73.36,58.99,5.15,12.72,4.71,0.99,97.86,71.93,71.38,81.25,15.24,68.48,31.25,77.8,95.94
dosemealti_ciplakli,88.21,82.68,33.99,17.0,4.82,1.1,99.07,74.34,76.75,79.17,15.02,73.57,31.36,75.77,96.05
kepez_baskoy,34.48,29.44,52.96,37.06,5.48,5.37,65.68,55.26,44.96,60.2,90.95,19.96,31.03,48.25,47.92
korkuteli_kucuklu,45.56,29.44,22.04,82.35,58.55,41.34,24.78,49.89,35.09,30.15,77.96,19.96,7.24,30.15,38.27
kemer_yeni,40.3,96.16,93.42,27.85,52.19,62.17,86.73,72.15,82.13,68.31,33.55,85.96,44.41,67.98,58.66
kemer_merkez,70.39,92.65,99.78,16.45,38.71,58.44,69.52,73.9,89.36,75.66,25.11,83.0,87.72,74.12,64.36
